content,date,title,url
    近日，教育部办公厅公布了2023年通过普通高等学校师范类专业认证的专业名单（教师厅函〔2023〕24号），经学校申请、自评自建、市教委指导、市教育评估院组织专家进校考查和教育部普通高等学校师范类专业认证专家委员会审定，我校英语专业高质量通过教育部师范类专业第二级认证。,10月18日,我校英语专业通过教育部师范类专业国家认证,https://www.cqwu.edu.cn/article_360197.html
    9月27日下午14：00-18:10，中国共产党重庆文理学院第四次代表大会举行各代表团会议，审议“两委”工作报告，审议党费收缴、使用和管理情况草案，酝酿第四届党委委员、纪委委员候选人预选建议名单，讨论“两委”工作报告决议（草案）和大会选举办法（草案）等。,9月27日,文理教师荣获国家级教师教学创新大赛金奖,https://www.cqwu.edu.cn/article_358762.html
    9月22日，学校在恪勤楼612会议室组织召开科技创新中心入驻工作会，校长黄伟九，副校长王明华、陈中祝，学校党政办公室、科研处、国有资产管理处、基建处、信息化办公室、党委保卫部、后勤管理处以及各用户单位负责人参加会议，会议由王明华主持。,9月23日,学校召开科技创新中心入驻工作会,https://www.cqwu.edu.cn/article_358522.html
近日，第11届未来设计师・全国高校数字艺术设计大赛全国总决赛评审结果公布，我校美术与设计学院环境设计系黄艺教授领衔的设计创作《院士书屋 文化振兴》获得教师组一等奖（人居环境规划与设计类），该奖项是参赛的重庆高校唯一一个国赛教师组一等奖。,9月20日,文理教师喜获第11届未来设计师全国高校数字艺术设计大赛一等奖,https://www.cqwu.edu.cn/article_358845.html
    近日，由教育部高等学校材料类专业教学指导委员会主办、郑州大学承办的“徕卡杯”第十二届全国大学生金相技能大赛在郑州举行。我校材料科学与工程学院学子在本届大赛中获得一等奖1名、二等奖1名、三等奖4名的好成绩。,9月12日,文理学子在第十二届全国大学生金相技能大赛决赛中获佳绩,https://www.cqwu.edu.cn/article_357699.html
    9月6日上午，学校党委书记蔡家林、校长黄伟九，副校长金盛、李天福带领党政办公室、学生处、安全管理处、基建处、后勤管理处、星湖教育实践中心等部门负责人深入红河校区和星湖校区开展开学准备工作检查。,9月6日,校领导带队检查2023年秋季学期开学准备工作,https://www.cqwu.edu.cn/article_357380.html
    近日，第十八届全国大学生智能汽车竞赛航天智慧物流总决赛暨第四届“航天杯”移动机器人AI创新技术挑战赛在重庆落下帷幕。本次比赛由中国自动化学会、全国大学生智能汽车竞赛组委会指导，中国航天科工三院、重庆第二师范学院主办。来自全国130所高校的178支学生参赛队伍参加了比赛，经过线上选拔、南北分区赛，最终76支队伍进入全国总决赛。我校智能制造工程学院智能网联汽车实验室郑讯佳副教授、陈星教授指导的2支学生参赛团队分别荣获全国总决赛一等奖和线下选拔赛三等奖。,8月28日,文理学子获第十八届全国大学生智能汽车竞赛(航天智慧物流创意组)一等奖,https://www.cqwu.edu.cn/article_357145.html
    8月10-14日，第17届大学生射击锦标赛在云南玉溪举行，来自清华大学、复旦大学、四川大学等高校的14支代表队100余名大学生运动员角逐射击赛场。我校学生邓睿冬经过激烈比拼，最终取得第三名好成绩。,8月20日,文理学子在第17届全国大学生射击锦标赛中获得第三名好成绩,https://www.cqwu.edu.cn/article_356979.html
    8月1日上午，校长黄伟九来到学校2023年高考招生录取场、新材料技术研究院、红河A区篮球馆改造工程现场、红河AB区地下通道改造工程工地看望慰问暑期坚守工作一线的师生员工。,8月1日,校长黄伟九等校领导看望慰问暑期坚守一线的师生员工,https://www.cqwu.edu.cn/article_356562.html
7月20日下午，重庆文理学院学习贯彻习近平新时代中国特色社会主义思想主题教育暨7月党委理论学习中心组学习会在恪勤楼504会议室举行。党委书记蔡家林主持会议，全体在家校领导、党委常委参加学习。,7月20日,重庆文理学院举行学习贯彻习近平新时代中国特色社会主义思想主题教育暨7月党委理论学习中心组学习会,https://www.cqwu.edu.cn/article_356406.html
    近日，学校组织开展了为期3天的2023年暑期干部培训，全校处级干部、科级干部，共计270余人参加培训。,7月14日,学校举行2023年暑期干部培训,https://www.cqwu.edu.cn/article_355772.html
    7月6日上午，恪勤楼422会议室气氛庄严热烈。在全党深入开展学习贯彻习近平新时代中国特色社会主义思想主题教育之际，学校隆重举行庆祝中国共产党成立102周年暨“两优一先”表彰座谈会，党委书记蔡家林，党委副书记、校长黄伟九，党委职能部门负责人及受表彰的先进集体和优秀个人代表30余名同志参加会议。座谈会由黄伟九主持。,7月7日,学校召开庆祝中国共产党成立102周年暨“两优一先”表彰座谈会,https://www.cqwu.edu.cn/article_355506.html
    6月30日，由重庆市社会心理学会主办，大学生心理咨询与团体辅导专委会承办的“奋进‘心’征程 青春向未来”第十四届大学生心理成长论坛总结颁奖会在西南大学圆满结束。我校学子荣获学会一等奖3项，二等奖5项，三等奖2项。,7月5日,文理学子在重庆市第十四届大学生心理成长论坛比赛中获佳绩,https://www.cqwu.edu.cn/article_355368.html
    6月26日，重庆市教育考试院自考处处长李永成、副处长高博一行来我校调研和指导高等教育自学考试学分认定与转换工作，并在我校召开重庆市高等教育自学考试工作调研座谈会。,6月28日,重庆市教育考试院来校调研和指导工作,https://www.cqwu.edu.cn/article_354938.html
    6月23-25日，由我校文化与传媒学院和全球修辞学会联合主办的“新时代公文传播与社会治理文明”学术论坛在重庆市永川区世纪汉腾酒店举行，来自北京大学、西南大学、电子科技大学等近20所高校60余名专家学者参加，我校副校长李天福、党委宣传部、文化与传媒学院相关负责人等参与论坛。,6月25日,重庆文理学院与全球修辞学会联合举办“新时代公文传播与社会治理文明”学术论坛,https://www.cqwu.edu.cn/article_354461.html
    6月16日上午9:00，重庆文理学院2023届学生毕业典礼暨学位授予仪式在红河校区体育馆隆重举行，学校党委副书记、校长黄伟九，副校长金盛、陈中祝，组织部部长周洪亮，校友代表刘义全、姚茂瑜、张锡昌、李建军、黄仁权，学校高层次人才代表赵立军、隋媛、唐宁、贺小龙、屈川华，学校学位委员会委员，职能部门负责人、二级学院党政负责人，教师代表、辅导员代表，2023届毕业生代表，后勤服务人员代表参加了毕业典礼。典礼由副校长漆新贵主持。,6月16日,重庆文理学院隆重举行2023届学生毕业典礼暨学位授予仪式,https://www.cqwu.edu.cn/article_353879.html
    6月12日，重庆文理学院研发的国家抗癌一类新药PZ-1片转化签约活动在永川区签约中心举行。重庆市委主题教育第十八巡回指导组组长何平、副组长陈劲，重庆市教委二级巡视员谯建，重庆市科技局二级巡视员杨军，重庆市药监局党组书记、局长陈忠于，重庆分享道桐企业管理有限公司董事长刘琦、总经理岳凌，永川区委书记张智奎、区长常晓勇，重庆文理学院党委书记蔡家林、校长黄伟九、副校长陈中祝等嘉宾出席签约仪式，签约仪式由副校长王明华主持。,6月12日,4800万！重庆文理学院科技成果抗癌新药PZ-1转化签约,https://www.cqwu.edu.cn/article_353596.html
    6月2-4日，2023年第五届全国高等学校青年教师电工学课程教学竞赛西部赛区选拔赛在西安理工大学举行。我校电子信息与电气工程学院青年教师高君华在比赛中以小组第一的成绩获特等奖，并将进入今年7月份举行的全国总决赛。这是电子信息与电气工程学院教师首次以特等奖成绩进入全国总决赛。,6月6日,文理教师在全国高等学校青年教师电工学课程教学竞赛西部赛区比赛中获特等奖,https://www.cqwu.edu.cn/article_353214.html
    5月31日下午，学校学生社区治理工作动员部署会在恪勤楼304召开，全体校领导出席会议，相关职能部门负责人，各二级学院全体班子成员、团总支（副）书记、学生工作办公室（副）主任、辅导员，人和居业主委员会负责人参加动员会。会议由校长黄伟九主持。,5月31日,探索实施“五大行动” 赋能社区治理创新 ――重庆文理学院召开学生社区治理工作动员部署会,https://www.cqwu.edu.cn/article_352514.html
    5月24日上午，重庆文理学院与武隆区人民政府联合共建的重庆武隆乡村旅游学院、重庆文理学院旅游产业研究院授牌仪式在武隆区职教中心举行。武隆区委书记何庆、区长左军、副区长刘印、区政协副主席刘壮，学校党委书记蔡家林、副校长陈中祝，市委主题教育第18巡回指导组领导出席授牌仪式。武隆区各区级部门、乡镇街道负责人以及职教中心部分师生，重庆文理学院相关部门负责人参加活动。授牌仪式由武隆区政协副主席刘壮主持。,5月24日,重庆武隆乡村旅游学院 重庆文理学院旅游产业研究院正式揭牌,https://www.cqwu.edu.cn/article_352066.html
    5月20日，第二十五届中国机器人及人工智能大赛(重庆赛区)暨第三届重庆市机器人及人工智能大赛在重庆文理学院举行。重庆市教委高教处四级调研员哈宁武，竞赛组委会相关领导，我校副校长漆新贵，重庆相关高校嘉宾、参赛单位指导教师及27所高校的337支队伍1000余名师生参加开幕式。开幕式由学校教务处负责人主持。,5月20日,第二十五届中国机器人及人工智能大赛(重庆赛区)暨第三届重庆市机器人及人工智能大赛在重庆文理学院举行,https://www.cqwu.edu.cn/article_351677.html
    据科睿唯安（Clarivate Analytics）5月11日发布的最新ESI（Essential Science Indicators基本科学指标）统计数据，重庆文理学院在进入ESI学科全球排名的国内高校中列第318位，全球排名提升238位，ESI学科数在重庆市属高校中排名第4；除材料科学（Materials Science）外，化学（Chemistry）今年首次进入ESI全球排名前1%，标志着该学科领域进入国际高水平学科行列。,5月12日,喜报！重庆文理学院又一学科――化学进入ESI全球排名前1%,https://www.cqwu.edu.cn/article_351105.html
    5月5日下午，学校2023届毕业生就业工作调度会在红河校区恪勤楼422会议室召开。党委书记蔡家林出席会议并讲话。招生就业处、党委保卫部、团委、创新创业学院负责人，二级学院院长、党总支书记、分管就业工作负责人参加会议。会议由副校长李天福主持。,5月6日,学校召开2023届毕业生就业工作调度会,https://www.cqwu.edu.cn/article_350746.html
    恰同学少年，风华正茂；展飒爽英姿，意气风发。为丰富校园文化体育活动，促进大学生健身运动的开展，由市教委主办的2023年重庆市大学生体育锦标赛各项赛事在重庆各高校拉开帷幕。,4月27日,喜报！重庆文理学院在2023年重庆市大学生体育锦标赛中旗开得胜,https://www.cqwu.edu.cn/article_350354.html
按照学校学习贯彻习近平新时代中国特色社会主义思想主题教育读书班暨理论学习中心组学习研讨总体安排，4月23日，学校主题教育读书班分5个小组，分别在红河校区恪勤楼514、221、204会议室、格物楼C603和星湖校区3507会议室开展了集中学习研讨。学校党委书记蔡家林等全体在家校领导、党委常委、中层干部参加学习研讨。,4月24日,重庆文理学院学习贯彻习近平新时代中国特色社会主义思想主题教育读书班聚焦“全面从严治党”开展集中学习研...,https://www.cqwu.edu.cn/article_350164.html
4月19日，由重庆文理学院和成都师范学院联合承办的重庆市市级培训项目“成渝优秀校园长跨区域联合培训 ”开班典礼在重庆文理学院举行。重庆市教委师范处处长黄伟，成都师范学院教育与心理学院党委书记廖全明，学校副校长金盛、培训学院负责人及来自川渝两地的60位初级中学校长出席开班典礼。,4月20日,“成渝优秀校园长跨区域联合培训” 开班典礼在重庆文理学院举行,https://www.cqwu.edu.cn/article_349938.html
    为贯彻落实习近平总书记关于全面加强国家安全教育的重要指示批示精神，推动国家安全教育工作广泛深入普及，增强师生国家安全意识和素养，在第八个全民国家安全教育日即将到来之际，永川区2023年全民国家安全教育活动于4月12日晚在重庆文理学院举行。区委国安办、区委宣传部、区公安局、区司法局、区融媒体中心相关人员，学校党委宣传部、党委学生工作部、党委保卫部、团委、马克思主义学院等部门相关负责人，永川区大学生总体国家安全观宣讲团成员，学校师生代表共计240余人参加此次活动。活动由学校党委保卫部负责人主持。,4月14日,永川区2023年全民国家安全教育活动走进重庆文理学院,https://www.cqwu.edu.cn/article_349716.html
    为实质性推进市委“一号工程”落地，推动成渝地区双城经济圈教育协同发展，促进成渝地区教育资源共建共享，我校正式启动与内江职业技术学院互派10名干部教师挂职锻炼项目。4月6日上午，内江职业技术学院党委书记任孝勇带队到校就两校互派干部挂职锻炼相关事宜进行座谈。我校党委书记蔡家林，副校长李天福，党政办公室、党委组织部、教务处、党委教师工作部、科研处负责人及本次互派交流挂职干部参加座谈会。,4月8日,重庆文理学院与内江职业技术学院互派干部教师挂职锻炼,https://www.cqwu.edu.cn/article_349433.html
    3月31日，重庆市普通本科高校马克思主义理论类专业教学指导委员会2023年度工作暨教学改革研讨会在重庆文理学院恪勤楼422会议室召开。重庆市普通本科院校马克思主义理论类专业教学指导委员会主任委员、西南大学原党委书记黄蓉生，副主任委员、重庆第二师范学院党委书记张艳，副主任委员、长江师范学院副院长向小川，副主任委员、四川外国语大学原纪委书记苟欣文，秘书长、西南大学马克思主义学院副院长吴艳东，重庆市高等教育学会秘书长余志祥及全体委员出席会议。重庆文理学院党委书记蔡家林，副主任委员、重庆文理学院党委常委、纪委书记罗茂出席会议。研讨会分两个阶段进行，分别由罗茂、向小川主持。,4月2日,重庆市普通本科高校马克思主义理论类专业教学指导委员会2023年度工作暨教学改革研讨会在重庆文理学院召...,https://www.cqwu.edu.cn/article_349031.html
    为进一步深入贯彻落实《国务院办公厅关于进一步支持大学生创新创业的指导意见》（国办发〔2021〕35号）文件精神，践行“创新引领、创业养成、着眼未来”创新创业教育理念，打造融价值塑造、文化引领、实践淬炼于一体的思创育人模式，引导学生树立正确的创业观、择业观、事业观，创新创业学院探索“1+2”模式筑牢抓实创新创业教育。,3月28日,学校探索“1+2”模式抓实创新创业教育,https://www.cqwu.edu.cn/article_348758.html
    3月17日下午，重庆科技学院副校长、工会主席吴松一行来到我校，就工会工作进行了座谈交流，我校副校长漆新贵以及工会相关人员参加座谈。,3月20日,重庆科技学院来校交流工作,https://www.cqwu.edu.cn/article_348337.html
    3月14日下午，学校在恪勤楼221会议室组织召开了以教育数字化为引领的一流本科课程建设专题报告会，教务处负责人、各二级学院分管教学负责人、教学办主任和一流课程申报骨干教师等70余人参会。,3月16日,我校召开一流本科课程建设专题报告会,https://www.cqwu.edu.cn/article_348169.html
    3月7日下午，市直机关纪检监察工委纪检监察室党支部、市直机关纪检监察工委案件审理室党支部与我校机关第一党总支第三支部联合开展了主题党日活动。市直机关纪检监察工委书记汪建，市委直属机关工委一级巡视员蒲舰，我校党委常委、纪委书记、监察专员罗茂和支部党员等参加活动。,3月9日,市直机关纪检监察工委来校开展联合主题党日活动,https://www.cqwu.edu.cn/article_347858.html
    3月2日上午，学校在恪勤楼204会议室召开综合实训楼用户单位验收工作专题会。副校长陈中祝，相关职能部门负责人，入住综合实训楼的各单位负责人及相关人员参加了会议。会议由基建处负责人主持。,3月3日,学校召开综合实训楼用户单位验收工作专题会,https://www.cqwu.edu.cn/article_347583.html
    2月22-23日，学校组织国有资产管理处、教务处、科研处、党委保卫部联合开展2023年春季学期实验室安全检查。,2月25日,学校组织开展2023年春季学期实验室安全检查,https://www.cqwu.edu.cn/article_347426.html
    近日，第四届全国师范生微课大赛决赛获奖名单公布。我校选送的微课大赛作品喜获14项奖励，其中特等奖4项、一等奖2项、二等奖8项，特等奖数量位列全国参赛高校并列第2。学校荣获“优秀组织院校”称号，周杰等4位老师荣获“优秀指导教师”称号。,2月14日,我校学子参加第四届全国师范生微课大赛获特等奖数量位列全国参赛高校第二,https://www.cqwu.edu.cn/article_347154.html
    近日，重庆市人民政府人民建议征集办公室 重庆市人力资源和社会保障局发布《关于表彰重庆市人民建议奖的决定》（渝人社〔2022〕479号），对35件人民建议和8个单位予以表彰。我校郭明磊、冯利朋《关于促进“一带一路”沿线国家民间友好交流的几点建议》获一等奖（全市唯一）；田书芹、王东强《关于在我市建设全国首个“智慧乡村人才超市”助推乡村人才振兴的三点建议》获二等奖。,1月11日,我校教师喜获重庆市人民建议奖,https://www.cqwu.edu.cn/article_347019.html
    12月27日，中共重庆市委教育工委学习贯彻党的二十大精神进校园宣讲队成员、我校宣讲小队队长、党委副书记、校长黄伟九为全体科岗人员宣讲党的二十大精神，宣讲会以线上方式进行。,12月28日,校长黄伟九为全校科岗人员宣讲党的二十大精神,https://www.cqwu.edu.cn/article_346868.html
    12月14日下午，学校党委常委、副校长谭宏为人工智能学院、重庆文化遗产学院全体师生党员和部分非党员师生代表共80余人宣讲党的二十大精神，宣讲报告以线上方式进行。,12月19日,党委常委、副校长谭宏宣讲党的二十大精神,https://www.cqwu.edu.cn/article_346657.html
    12月7日上午，学校人工智能学院党总支在知津楼C104会议室召开巡察整改专题民主生活会。学校党委巡察工作领导小组成员、党委组织部部长周洪亮，学校党委巡察工作领导小组成员、党委巡察办公室主任黎志，学校党委巡察工作领导小组成员、纪检监察室主任史甲庆到会指导。巡察办有关同志、学院领导班子全体成员参加会议。会议由学院党总支书记杨加强主持。,12月9日,学校人工智能学院召开巡察整改专题民主生活会,https://www.cqwu.edu.cn/article_346253.html
    近日，校领导谭宏、漆新贵、王明华、金盛、罗茂、李天福、陈中祝深入所联系二级学院调研指导毕业生就业工作，参加相关学院党政班子专题会议，并与2023届毕业生代表进行座谈。,12月6日,校领导深入二级学院调研指导毕业生就业工作,https://www.cqwu.edu.cn/article_345390.html
    近期，党委书记孙泽平先后到药学院、数学与大数据学院调研指导毕业生就业工作。,11月30日,党委书记孙泽平带队深入二级学院调研指导毕业生就业工作,https://www.cqwu.edu.cn/article_340775.html
    11月23日下午，中共重庆市委教育工委学习贯彻党的二十大精神进校园宣讲队成员、我校宣讲小队队长、党委副书记、校长黄伟九通过线上线的方式，为化学与环境工程学院、材料科学与工程学院师生代表宣讲了党的二十大精神。,11月24日,校长黄伟九深入学院宣讲党的二十大精神,https://www.cqwu.edu.cn/article_338425.html
    为了更好推进党的二十大精神阐释研究工作，精准把握2023年国家级项目申报选题方向，11月20日晚，我校以线上会议形式召开了2023年国家社科基金申报培训会，会议邀请了中共重庆市委党校科研处副处长廖欣研究员作专题辅导。学校党委宣传部和各社科类二级学院分管科研领导、前期提交选题计划申报人员、校级智库团队成员等共计100余人参加了培训会议。,11月21日,我校召开2023年国家社科基金申报培训会,https://www.cqwu.edu.cn/article_338304.html
    今年暑期，本土疫情多点散发、多地频发，防控形势严峻复杂。面对席卷而来的疫情，我校学子积极参与志愿服务，投身家乡疫情防控工作一线。,11月18日,致敬！在平凡中闪光的你们 ――我校学生志愿者参与疫情防控工作先进事迹（二）,https://www.cqwu.edu.cn/article_338201.html
    11月9日上午，学校召开国家级创新创业学院建设推进会，校长黄伟九，副校长漆新贵，党政办公室、党委组织部、党委宣传部、教务处、党委教师工作部、发展规划处、科研处、招生就业处、计划财务处、国有资产管理处、基建处、团委、政产学研研究院、创新创业学院负责人参加会议，会议由漆新贵主持。,11月10日,学校召开国家级创新创业学院建设推进会,https://www.cqwu.edu.cn/article_337924.html
    10月19日-25日，中国工程教育认证协会组织专家组对我校材料科学与工程专业开展工程教育认证在线考查。专家组组长由郑州大学汤克勇教授担任，成员包括哈尔滨理工大学董丽敏教授、中材高新材料股份有限公司董事长张伟儒、武汉工程大学刘治田教授和中南大学宋G教授，专家组秘书武汉大学余智涛老师。我校校长黄伟九，副校长漆新贵、金盛、李天福，材料科学与工程学院和教务处全体中干，相关职能部门负责人和教师代表近30人线下参加见面会和反馈会。,10月25日,我校材料科学与工程专业工程教育认证专家在线考查工作顺利完成,https://www.cqwu.edu.cn/article_337512.html
    10月16日上午10:00，中国共产党第二十次全国代表大会在北京开幕，习近平总书记代表十九届中央委员会向大会作报告。重庆文理学院师生高度关注，纷纷以各种形式，认真收听收看党的二十大开幕会盛况。开幕会结束后，大家心潮澎湃，热议报告精神，表达自己的感受。,10月17日,踔厉奋发，勇毅前行U重庆文理学院师生热议党的二十大（三）,https://www.cqwu.edu.cn/article_337311.html
"亲爱的同学们：
大家好！
最好的守护，就是与你并肩作战。突如其来的疫情“大考”，让我们的学习和生活都发生了一些改变。学校领导、中层干部、一线教师、辅导员、后勤、安管等工作人员已入住学校，与大家共同生活，为同学们提供服务。很多老师“抗疫”在校，自己的孩子独自在家上网课，年迈的父母无人照顾......他们舍小家为大家，将责任扛在肩头，把困难踩在脚下，他们用行动践行以身立教、为人师表的诺言。
每一位同学都牵系一个家庭，每一个青年应担当一份使命。同学们，面对疫情，作为文理学子我们应该做的是：坚定沉着、积极配合、团结一心、相互理解，以实际行动展现文理人的责任与担当！
同学们，愿你足够强大，平安健康。每一位同学的平安，就是平安校园、健康校园的坚固基石。请一定保护好自己，做好个人防护，按时完成每日健康打卡，按要求完成核酸检测。听从指挥、积极配合，脚步快一点、动作轻一点。其实，素颜的你做核酸也很美。
同学们，愿你常怀感恩，珍惜当下。在临时管控期间，学校一直竭尽全力保障大家的生活所需，每位老师每天要派送近三百份盒饭，花费好几个小时。对他们来说，防护服里外是两个世界。同学们，请保持对文理的热爱，来一场双向奔赴的致敬和感谢。把学校对我们的好、把老师们的辛苦付出牢记于心。真诚地期待你们给予学校更多的理解、支持和配合。对每一位“校园大白”说一声“谢谢您！您辛苦了！”
同学们，愿你眼里有光，心中有梦。生活本就是一场充满未知的旅途，不要因为眼前的困境，就丧失对未来的期盼，不要让疫情成为懒惰的借口。希望大家做到“停课不停学、学习不延期”，希望大家上好线上课、读好课外书、锻炼好身体、保持好心态，遵守校规校纪，让“进德修业 博文达理”的优良学风成为学校最美的风景线。
“山因脊而雄，屋因粱而固”。亲爱的同学们，谁说站在光里的才算英雄？防疫之战的每分每秒，你我皆是英雄。时有所需，必有所为；校有所需，我必支持。我们坚信，这场属于文理人的抗疫战必将吹响胜利的号角！胜利必将属于我们！


共青团重庆文理学院委员会

2022年10月13日",10月13日,最好的守护，就是与你并肩作战――致同学们的一封信,https://www.cqwu.edu.cn/article_337241.html
    9月27-30日，2022年鲁渝协作（淄博-石柱）乡村振兴干部培训班暨石柱土家族自治县2022年驻乡驻村干部培训班在我校成功举办。来自石柱县30余个街道、乡镇的97名驻乡工作队和驻村第一书记分两个行政班参加了本次培训。石柱县乡村振兴局党组成员、山东省淄博市挂职干部廖爱平和学校乡村振兴学院相关负责人参加开班仪式。,10月4日,2022年鲁渝协作（淄博-石柱）乡村振兴干部培训班在我校举办,https://www.cqwu.edu.cn/article_337129.html
    近日，第六届“米兰设计周――中国高校设计学科师生优秀作品展”大赛评选圆满结束。我校文化与传媒学院学生参赛作品《我们的房屋》《寻》《SIX FEET UNDER》分别获得本届大赛重庆分赛区的一等奖和两个二等奖。其中，《我们的房屋》荣获全国总决赛三等奖。重庆文理学院荣获优秀组织奖。,9月30日,我校学子参加“米兰设计周・中国高校设计学科师生优秀作品展大赛”获得佳绩,https://www.cqwu.edu.cn/article_337048.html
    9月20日，学校召开2022-2023学年第一学期第一次教学工作例会，校长黄伟九、副校长漆新贵，各二级学院和职能部门相关人员80余人参加会议。会议由教务处负责人主持。,9月22日,学校召开2022-2023学年第一学期第一次教学工作例会,https://www.cqwu.edu.cn/article_336693.html
    9月14日下午，学校组织各二级学院以教研室为单位，采取线上线下结合的会议形式，集中开展线上教学专题教研活动，全校二级学院70余个教研室全体成员参加专题研讨活动。活动由各教研室主任主持。,9月15日,我校组织全校教师开展线上教学专题教研活动,https://www.cqwu.edu.cn/article_336130.html
    9月5日起，我校全面开展线上教学。目前，线上教学总体运行平稳有序。,9月8日,我校有序开展线上教学工作,https://www.cqwu.edu.cn/article_335497.html
    9月2日下午，学校在恪勤楼304召开2022年秋季学期教学及学生工作专题会，副校长漆新贵、李天福出席会议，相关职能部门负责人、二级学院分管教学工作负责人、分管学生工作负责人、教学办（副）主任、学工办（副）主任、全体辅导员参加会议。会议由党委学生工作部部长钱闾建主持。,9月5日,学校召开2022年秋季学期教学及学生工作专题会,https://www.cqwu.edu.cn/article_335231.html
"学校各基层党组织和全体共产党员：
当前，我市持续晴热高温，水电压力剧增，火灾隐患突出，防疫形势严峻，给学校的正常运转带来较大影响，给全体师生员工学习生活带来诸多不便。特别是开学在即，疫情防控情况更加复杂，为共克时艰，全力以赴防疫情、抗高温、战旱情，现发出如下倡议：
各基层党组织要守土尽责，充分发挥战斗堡垒作用。各基层党组织要深入学习贯彻习近平总书记关于疫情防控和防灾减灾救灾工作的重要指示精神，加强组织领导，强化主体责任，迅速行动起来，把疫情防控、防暑抗旱和防灾减灾各项工作抓到位、抓到底，统筹落实保安全、战旱情、防疫情、防中暑各项工作和学校事业发展，筑牢校园安全防线，确保校园和谐稳定。
各级领导干部要强化担当，充分发挥带头示范作用。各级领导干部要扛起政治责任，切实把疫情防控、抗旱减灾、开学工作责任扛在肩上、把工作任务抓在手上。疫情防控方面坚持“外防输入、内防反弹”不放松，严格执行疫情防控政策，加强宣传引导，汇集正能量，根据学校和社区统一安排，及时将学校和社区疫情防控要求传递给全体师生员工，主动配合并支持疫情防控工作；抗旱减灾方面以身作则、身先士卒，坚决落实节能各项措施，强化节电节水责任，加强日常节电节水管理，主动开展安全隐患排查，重点针对仓库、宿舍、实验室、消防控制室、星湖山火易燃区域等的巡查，全力防范各类事故灾害发生，切实保障全校师生的生活秩序和生命财产安全；开学工作方面立足本职岗位，提前做好师生返校工作方案及线上线下教学与管理的各种工作预案，确保秋季学期顺利开学。
广大党员同志要迎难而上，充分发挥先锋模范作用。广大党员同志要闻令而动，迎难而上，积极投入到疫情防控和抗旱减灾工作中来，始终做到冲锋在急难险重处，切实把党员身份亮出来、作用发挥出来、先进性体现出来。结合岗位职责，坚决带头执行防疫指令，支持配合管控、防疫措施；带头节约用水用电，积极为抗旱减灾助力赋能，在防暑抗旱和防灾减灾中彰显共产党员的先锋本色；带头备好课，做好新学期线上线下的教育准备工作；按照学校党委安排部署，带头做好返校师生的教育引导工作。
一个支部就是一座堡垒，一名党员就是一面旗帜。全校各基层党组织和广大党员同志要坚守初心、勇担使命，用实际行动在防疫情、抗高温、战旱情的斗争中充分发挥先锋模范作用，坚决打赢疫情防控和防暑抗旱这场硬仗，确保学校顺利开学，以实干实绩迎接党的二十大的胜利召开。

中共重庆文理学院委员会
2022年8月25日
",8月25日,致学校各基层党组织和全体共产党员的倡议书,https://www.cqwu.edu.cn/article_335115.html
    为深入贯彻落实市委、市政府关于节约用电的工作要求，有效应对连续高温天气造成的电力供应严峻形势，8月19日晚，学校副校长金盛率后勤管理处、工会等相关部门负责人对我校节约用电情况开展了专项检查。,8月20日,学校组织校园节约用电专项检查,https://www.cqwu.edu.cn/article_335077.html
    8月1-3日，学校举办的“马克思主义中国化与区域教育治理”学术研讨会在永川区柏天酒店举行。海南师范大学副校长、马克思主义学院院长、博士生导师李森教授，重庆文理学院纪委书记罗茂出席研讨会，来自北京师范大学、西南大学、山东师范大学、四川师范大学、海南师范大学、贵州师范大学、重庆工商大学、井冈山大学、贵阳学院、重庆文理学院、重庆市教育科学研究院、四川省大竹中学等高校、科研机构、基础教育学校的40余名专家学者参加本次研讨会。研讨会由马克思主义学院院长胡守敏主持,8月3日,学校举办“马克思主义中国化与区域教育治理”学术研讨会,https://www.cqwu.edu.cn/article_334990.html
    7月19日，学校党委书记孙泽平率乡村振兴专家团队负责人赴四川省内江市东兴区推进校地合作。东兴区中医药大健康产业推进中心副主任刘雄伟、郭北镇镇长周莉枝等陪同调研。,7月23日,党委书记孙泽平赴内江市东兴区推进校地合作,https://www.cqwu.edu.cn/article_334934.html
    7月9日，重庆文理学院校友总会2022年常务理事工作研讨会在遂宁召开，校长、校友总会会长黄伟九，副校长、校友总会常务副会长李天福，常务理事会成员，部分校友分会负责人及校友代表应邀出席。会议由李天福主持。,7月11日,我校召开校友总会2022年常务理事会,https://www.cqwu.edu.cn/article_334844.html
    7月6日下午，学校党委第三轮巡察组巡察教育学院党总支、人工智能学院党总支情况反馈会分别在知津楼C403、C104召开。学校党委巡察工作领导小组副组长、纪委书记罗茂，党委巡察工作领导小组成员、巡察办主任黎志，党委第三轮巡察组组长何小兵及全体成员，巡察办有关同志，被巡察学院领导班子成员、师生代表100余人参加会议。会议分别由教育学院党总支书记孔庆波，人工智能学院党总支书记杨加强主持。,7月8日,学校召开第三轮巡察情况反馈会,https://www.cqwu.edu.cn/article_334807.html
    7月2日至4日，化学与环境工程学院大学生社会实践服务团走进铜梁区土桥镇，开展以“喜迎二十大，永远跟党走，奋进新征程”为主题的红色爱国主义教育、乡村振兴、环保知识宣讲、科普小实验系列社会实践活动。,7月5日,【暑期三下乡】学校化学与环境工程学院赴铜梁区开展暑期“三下乡”社会实践活动,https://www.cqwu.edu.cn/article_334685.html
    7月2日下午，教育学院2008级校友毕业10周年师生座谈会在知津楼C403举行。学院全体院领导，该年级部分授课教师代表以及2008级毕业生代表共计60余人参加。,7月4日,学校教育学院2008级校友返校举行毕业十周年聚会,https://www.cqwu.edu.cn/article_334572.html
    6月30日下午，我校教育硕士研究生实践基地集中签约暨授牌仪式在恪勤楼422会议室举行。副校长漆新贵，研究生处、文化与传媒学院、马克思主义学院、教育学院等相关负责人，永川中学、北山中学、萱花中学、重庆文理学院附属中学、兴龙湖中学、永川第五中学、昌南中学、红旗小学、红星幼儿园、南大街幼儿园相关校长、园长参加了签约授牌仪式。签约授牌仪式由教育学院副院长贺能坤主持。,7月1日,我校举行教育硕士研究生实践基地集中签约暨授牌仪式,https://www.cqwu.edu.cn/article_334525.html
    6月28日上午，学校在恪勤楼422会议室召开实验室安全工作会，副校长王明华，相关职能部门及二级学院实验室安全负责人参加会议。会议由国有资产管理处处长何小兵主持。,6月28日,学校召开实验室安全工作会,https://www.cqwu.edu.cn/article_334410.html
    近日，面向全校学生开设的《习近平新时代中国特色社会主义思想概论》》公共选修课顺利结课，学校党委书记孙泽平、校长黄伟九率全体校领导、党委常委、相关职能部门负责人和马克思主义学院骨干教师团队为学生授课，坚持把思政课讲深、讲透、讲活，学生们用心听、用心悟，达到了沟通心灵、启智润心、激扬斗志的良好效果。,6月23日,学校思想政治理论课改革创新取得明显成效,https://www.cqwu.edu.cn/article_334113.html
    6月16日，由重庆市教育委员会主办，重庆文理学院、重庆市大学中专毕业生就业指导服务中心承办的成渝地区双城经济圈首届大学生创新创业大赛重庆赛区选拔赛暨第八届重庆市大学生创新创业大赛决赛在西部（重庆）科学城大创谷・梦花园举行。我校“柔纤――国产大飞机用隔音隔热超细玻璃纤维棉”项目获得本科组一等奖，“自主可控亮度提升柔性显示薄膜”项目荣获二等奖，我校荣获优秀组织奖，翟福强、关有为两位老师荣获优秀指导教师奖。,6月18日,我校荣获第八届重庆市大学生创新创业大赛决赛多项殊荣,https://www.cqwu.edu.cn/article_333864.html
    6月15日，学校党委副书记、校长黄伟九先后到音乐学院、材料科学与工程学院、化学与环境工程学院调研指导党建和意识形态工作，学院班子成员、党务干部、部分学生党员等参加调研座谈会。,6月17日,校长黄伟九到二级学院调研指导工作,https://www.cqwu.edu.cn/article_333778.html
    6月8日下午，民进重庆市委会2022年参政议政工作会在市党派大楼217会议室召开。我校图书馆副馆长、民进永川区委会副主委冯利朋和国际合作与交流处涉外科科长、民进永川区委会委员、民进重庆文理学院支部主委郭明磊代表民进永川区委会参加了会议。,6月14日,我校民进会员参政议政成果获民进重庆市委会表彰,https://www.cqwu.edu.cn/article_333558.html
    6月6日上午，深圳市龙岗区南湾街道企业组团招聘会在我校学生活动中心三楼招聘室举行。学校副校长李天福、招生就业处负责人、相关专业的辅导员、2022届未就业毕业生、大三年级学生等200余名师生参加了本次招聘活动。,6月9日,学校举办深圳市龙岗区南湾街道组团进校招聘活动,https://www.cqwu.edu.cn/article_333280.html
    6月3日，农历端午节，我校食堂精心准备万余个粽子赠送2022届毕业生，寄托母校的深情与温馨。学校副校长金盛在后勤管理处相关人员陪同下参加赠送活动。,6月5日,我校开展2022届毕业生粽子赠送活动,https://www.cqwu.edu.cn/article_333291.html
    近日，经申请、单位推荐，市农业农村委评审，并报请市委农业农村工委2022年第12次会议审议通过，我校赵立军教授主持的“水稻生产全程机械化(智能化)轻简技术示范”项目入选重庆市2022年度农业重大技术协同推广项目。,6月1日,我校赵立军教授主持项目入选重庆市2022年度农业重大技术协同推广项目,https://www.cqwu.edu.cn/article_332676.html
    5月26日上午，重庆市2022年公共就业服务进校园（重庆文理学院专场招聘会）在我校红河校区学生活动中心举行。学校副校长李天福、永川区就业和人才中心副主任王权，招生就业处、党委保卫部负责人，二级学院书记、院长、就业工作分管负责人、毕业年级辅导员，700余名2022届毕业生及大三年级学生代表参加本次招聘活动。,5月30日,学校举办重庆市2022年公共就业服务进校园专场招聘会,https://www.cqwu.edu.cn/article_332350.html
    近日，重庆市人民政府印发了《关于2021年重庆市教学成果奖励的决定》（渝府发〔2022〕28号），高等教育共评选出211项教学成果奖。我校喜获各类教育领域24项奖励，其中，副校长漆新贵领衔的《以适合教育理念为引领的一流应用型人才培养“6个+”实践》荣获特等奖，以第一完成单位获一等奖1项、二等奖1项、三等奖3项，与兄弟院校合作完成获一等奖、二等奖和三等奖18项，获奖数量位列全市高校前列。另作为参与单位获2021年四川省高等教育教学成果奖一等奖1项。,5月25日,我校在2021年重庆市教学成果奖中喜获佳绩,https://www.cqwu.edu.cn/article_331808.html
    5月20日，学校副校长漆新贵带领招生就业处、教务处、教育学院等单位赴重庆高新区中小学校开展“书记校长访企拓岗促就业”专项活动。,5月23日,【书记校长访企拓岗促就业】学校领导带队到重庆高新区走访调研,https://www.cqwu.edu.cn/article_331553.html
    5月18日上午，学校国有资产管理处对红河校区、星湖校区教学、科研实验室危险废物进行了集中处置转运。,5月19日,学校组织实验室危险废物集中处置,https://www.cqwu.edu.cn/article_331179.html
    5月9-14日，重庆市扶贫指导中心和我校联合承办的第三期重庆市驻村第一书记及驻村工作队员示范培训班在我校成功举办，来自江北区、九龙坡区、南岸区、渝北区、北碚区、长寿区、潼南区、大足区和丰都县的驻村第一书记和驻村工作队员代表参加了本期培训。重庆市乡村振兴局副局长徐海波、学校副校长漆新贵出席开班仪式并讲话。,5月17日,全市第三期驻村第一书记及驻村工作队员示范培训班在我校成功举办,https://www.cqwu.edu.cn/article_331039.html
    5月11日下午，重庆市永川区中小学（幼儿园）科研副校长聘任仪式在永川区教委501会议室举行。永川区委副书记蔡焘，永川区政协副主席王晓英，重庆文理学院副校长漆新贵出席仪式。仪式由永川区委教育工委书记、区教委主任中意主持。,5月13日,我校12名专家教授受聘为永川区中小学校科研副校长,https://www.cqwu.edu.cn/article_330802.html
    5月6日―8日，学校联合华为技术有限公司、四川讯方信息技术有限公司举办的“教育部产学合作协同育人项目（华为师资培训）暨网络工程专业建设研讨会”在线上顺利举行。,5月10日,我校联合华为技术有限公司举办教育部产学合作协同育人项目暨网络工程专业建设研讨会,https://www.cqwu.edu.cn/article_330610.html
    4月29日下午，羽毛球世界冠军张亚雯受聘为我校客座教授并指导教学工作，副校长漆新贵、体育学院相关负责人和部分学生参加了本次受聘仪式及现场实践教学活动。,5月6日,羽毛球世界冠军张亚雯受聘我校并莅临指导教学,https://www.cqwu.edu.cn/article_330318.html
    4月28日下午，永川区文联赴我校调研环重庆文理学院创新生态圈创意集市筹办情况，并在恪勤楼422会议室举行调研座谈会。区文联主席钟代华，区作家协会、曲艺家协会、美术家协会、音乐家协会等15个专业协会负责人参加了此次会议。座谈会由我校创新创业学院院长陈盛兴主持。,4月29日,永川区文联调研我校环大学创新生态圈创意集市筹办情况,https://www.cqwu.edu.cn/article_330201.html
    4月26日下午，学校2022年劳动月启动仪式筹备会在恪勤楼221会议室召开，副校长漆新贵，党委宣传部、教务处、党委学生工作部、党委保卫部、后勤管理处和校团委负责人，各二级学院分管学生工作和教学工作负责人参加了会议。会议由教务处处长王东强主持。,4月27日,我校召开2022年劳动月启动仪式筹备会,https://www.cqwu.edu.cn/article_330048.html
    4月19日-21日，学校副校长漆新贵、王明华带领专家服务团前往我校乡村振兴驻点帮扶村――武隆区土地乡沿河村考察调研，推进乡村振兴结对帮扶工作。武隆区政协副主席刘壮陪同考察调研。,4月25日,校领导率专家服务团赴乡村振兴驻点帮扶村调研工作,https://www.cqwu.edu.cn/article_329933.html
    4月19日下午，教育部召开2022届全国普通高校毕业生就业工作第三次调度视频会议，教育部高校学生司副司长吴爱华、学生服务与素质发展中心副主任宁小华出席会议并讲话，会议由教育部高校学生司就业处处长唐小平主持。我校通过网络视频的方式参加会议，副校长李天福，招生就业处全体工作人员，全体毕业班辅导员集中收看视频会议。,4月22日,我校组织参加2022届全国普通高校毕业生就业工作第三次调度视频会议,https://www.cqwu.edu.cn/article_329779.html
    4月15日下午， 马克思主义学院“四史”宣讲团成员赴张家坡社区便民服务中心开展党史宣讲，胜利路街道党工委宣传统战委员张梓榆、胜利路街道团（工）委书记万力铭、永川青少年宫教学活动部部长李明遥以及张家坡社区的部分党员同志们参与观看。,4月19日,【党史学习教育系列报道】我校马克思主义学院“四史”宣讲团赴张家坡社区便民服务中心开展党史宣讲,https://www.cqwu.edu.cn/article_329513.html
    3月30日，第九届“鲁班杯”全国高校BIM毕业设计作品大赛获奖结果公布，我校土木工程学院学生在全国350余所院校950余组作品中脱颖而出，荣获本科组团体一等奖。,4月13日,我校学生喜获第九届“鲁班杯”全国高校BIM毕业设计作品大赛团体一等奖,https://www.cqwu.edu.cn/article_329142.html
    近日，中国舞蹈家协会向在2021年度“中国顶尖舞者成长计划”竞选活动中表现优异的选手及所在单位授牌，我校青年舞蹈教师易信任获得百强选手称号，音乐学院获得“中国顶尖舞者成长计划2021年度优秀人才培养单位”。,4月7日,我校音乐学院荣获中国顶尖舞者成长计划“2021年度优秀人才培养单位”,https://www.cqwu.edu.cn/article_328712.html
    3月29日，应国际SCI期刊《Frontiers in Microbiology》（《微生物前沿》，大类分区Top2区）的邀请，我校园林与生命科学学院（特色植物研究院）隋媛教授即日担任该期刊编委（Review Editor），主要负责食品微生物领域科研论文的评审与编辑等。本次受邀彰显了国际科学共同体对我校青年教师的学术认可，有力提升了我校在生物与食品科技领域的国际影响力，为学校建设高水平应用型大学提供了有力支撑。,3月30日,我校教师受邀担任国际SCI期刊编委,https://www.cqwu.edu.cn/article_328483.html
    3月23日上午，学校纪委书记罗茂到星湖校区调研指导工作，纪检监察室、党委学生工作部、国有资产管理处、党委保卫部、后勤管理处、星湖校区实践教育中心等相关负责人陪同调研。,3月24日,校领导深入星湖校区调研指导工作,https://www.cqwu.edu.cn/article_328290.html
    面对学校属地永川区疫情防控的形势，3月19日―20日，我校体育学院1993级体育保健专业校友曾强为母校捐赠医用口罩10000个；原经济管理学院/建筑工程学院2009级物流管理专业校友颜彦为母校捐赠医用口罩8500个、温度计200支，学校教育发展基金会代表学校接受了捐赠。,3月20日,同心抗疫，校友为母校捐赠防疫物资,https://www.cqwu.edu.cn/article_328199.html
    3月11日上午，重庆市民政局 重庆文理学院重庆民政政策理论研究基地签约暨揭牌仪式在我校怀德楼路演厅举行。重庆市民政局党组成员、副局长蔡祥东，市民政局执法监督处（政策法规处）处长周平安、干部刘澍雨，我校副校长王明华、金盛，教务处、科研处、经济管理学院、乡村振兴学院相关负责人、公共管理校级重点建设学科部分学术骨干、基地部分研究人员以及师生代表共计70余人参加了签约暨揭牌仪式。仪式由金盛主持。,3月14日,重庆市民政局 重庆文理学院重庆民政政策理论研究基地在我校举办签约暨揭牌仪式,https://www.cqwu.edu.cn/article_328020.html
    3月3日上午，我校学位点建设工作培训会在恪勤楼422会议室召开。校长黄伟九，副校长漆新贵、王明华，各学位点依托单位相关人员，科研处主要负责人，研究生处全体工作人员参加了会议。会议由王明华主持。,3月5日,学校召开学位点建设工作培训会,https://www.cqwu.edu.cn/article_327603.html
    2月25日，市委副书记、市长胡衡华到我校调研工作，永川区委书记张智奎，区委副书记、区长常晓勇，市委教育工委书记、市教委主任黄政陪同。学校党委书记孙泽平、校长黄伟九参加调研活动。,2月28日,市长胡衡华到我校调研工作,https://www.cqwu.edu.cn/article_327405.html
    近日，第三届全国师范生微课大赛决赛获奖名单公布。我校选送的微课大赛作品喜获18项奖励，其中特等奖8项、一等奖3项、二等奖5项、三等奖2项，特等奖数量位列全国参赛高校第1。费秀芬等7位老师荣获“优秀指导教师”称号，学校荣获“优秀组织院校”称号。,2月19日,特等奖数量全国第1：我校学生在第三届全国师范生微课大赛中勇创佳绩,https://www.cqwu.edu.cn/article_327074.html
    1月26日下午，在新春佳节来临之际，永川高新区管委会主任盛逵、副主任许仁元、皮生琴一行到我校看望慰问春节留校学生，学校副校长李天福出席慰问座谈会，党委学生工作部、保卫部等相关部门负责人参加慰问。,1月27日,永川高新区领导到我校慰问春节留校学生,https://www.cqwu.edu.cn/article_327017.html
    1月18日下午，黔江区委教育工委书记、区教委主任米仁文，区乡村振兴局局长钟伟率考察团来我校考察乡村振兴工作，双方在恪勤楼504会议室举行工作交流会。学校副校长金盛出席会议，黔江区教委、区乡村振兴局、区农业农村委、区民族职业教育中心、重庆旅游职业学院、重庆经贸职业学院和我校教务处、继续教育学院、乡村振兴学院等单位负责人参加座谈会。会议由乡村振兴学院负责人主持。,1月20日,黔江区考察团来我校考察乡村振兴工作,https://www.cqwu.edu.cn/article_326967.html
    近日，中国教育报、重庆日报报道了重庆多措并举推动一流本科教育开好局、起好步、谋新篇的相关工作，其中对我校新工科建设成效给予了肯定。,1月14日,中国教育报、重庆日报报道我校新工科建设成效,https://www.cqwu.edu.cn/article_326890.html
    1月4日，学校收到市教委关于同意我校章程部分条款修改的批复，《重庆文理学院章程修正案》通过重庆市教育委员会核准。,1月10日,我校章程修正案获市教委核准,https://www.cqwu.edu.cn/article_326758.html
    1月4日下午，学校在恪勤楼221会议室组织开展一流课程建设推进会。国家一流本科课程负责人、重庆科技学院李庆玉教授，重庆市教育信息技术与装备中心高校在线课程资源中心主任郑州受邀参加会议并作专题讲座。我校教务处负责人，各二级学院分管教学负责人、教学办主任和一流课程申报骨干教师等90余人参会。,1月7日,我校开展一流课程建设推进会,https://www.cqwu.edu.cn/article_326678.html
    11月―12月，学校学生工作处组织开展了16期“坚强意志 拓展人际”大学生心理素质训练营。本次拓展活动由杨加强教授团队负责授课，全校19个学院700余名学生参与活动。,1月5日,学校大学生心理素质训练营圆满结束,https://www.cqwu.edu.cn/article_326580.html
    近日，文化和旅游部授予音乐学院原创舞蹈作品《书记，爸爸》第十三届全国舞蹈展演优秀节目，并颁发证书和奖杯。,12月31日,我校音乐学院原创舞蹈作品《书记，爸爸》获第十三届全国舞蹈展演优秀节目,https://www.cqwu.edu.cn/article_326425.html
    12月28日，旅游学院在星湖校区XJ-2502举办线上线下专场空中招聘会，学院相关负责人、2022届100余名考研学生参加。,12月30日,【我为群众办实事】旅游学院举办2022届考研学生就业实习专场空中招聘会,https://www.cqwu.edu.cn/article_326368.html
    近日，学习强国的“中国语言文字”学习强国号，教育部、国家语委组织的“中华经典诵读工程”公众号，中国教育电视台的“推普助力乡村振兴”公众号等多家新媒体相继以“重庆文理学院凝聚语言力量助力乡村振兴”为题，报道我校加强学科专业建设，培养乡村语言文字人才；提高科学研究能力，全面保护乡村汉语方言；组建推普服务团队，聚焦乡村普通话推广等方面的成效，扩大了学校的社会影响力，提升了学校的美誉度。,12月28日,“学习强国”等多家媒体报道我校语言文字工作助力乡村振兴,https://www.cqwu.edu.cn/article_326202.html
    12月22日，学校党委常委、副校长谭宏在恪勤楼612会议室同九三学社重庆文理学院支社的社员开展了走访谈心活动。,12月24日,校领导开展统一战线走访谈心活动,https://www.cqwu.edu.cn/article_326069.html
    12月17- 19日，国际桑搏运动联合会中国区代表、国家柔道队教练、成都体育学院博士生导师龚茂富教授来校指导桑搏运动文化中心建设工作。,12月23日,我校邀请龚茂富教授来校指导桑搏运动文化中心建设工作,https://www.cqwu.edu.cn/article_325881.html
    近日，我校与永川区朱沱镇人民政府乡村振兴合作协议签约仪式在朱沱镇综治中心举行，学校副校长金盛，科研处、继续教育学院、乡村振兴学院、土木工程学院、旅游学院负责人及学校专家团队代表，朱沱镇党委书记唐忠茂、人大主席张正财、党委副书记陈亮、副镇长代全等镇党政相关负责人出席签约仪式。会议由唐忠茂主持。,12月22日,学校与永川区朱沱镇人民政府签订乡村振兴合作协议,https://www.cqwu.edu.cn/article_325752.html
    12月9日下午，音乐学院党总支教工支部赴红军第四军军长王良故居开展专题组织生活。,12月17日,【党史学习教育系列报道】音乐学院党总支教工支部开展专题组织生活会,https://www.cqwu.edu.cn/article_325502.html
    12月9日，土木工程学院党总支组织开展了“芬芳助残”志愿服务活动。永川区残联主任付海龙、学院部分党员师生及志愿者参加活动。,12月15日,【我为群众办实事】土木工程学院党总支组织开展“芬芳助残”志愿服务活动,https://www.cqwu.edu.cn/article_325326.html
    12月10日下午，永川区第六次归侨侨眷代表大会召开。市政协副主席、致公党重庆市委会主委、市侨联主席张玲，市侨联副主席陈瑛到会祝贺。区委书记张智奎、区政协主席刘祥全以及区委、区政府、区人大、区政协相关领导出席，部分在永单位和区级相关部门领导，全区各行各业的代表参加。,12月13日,我校4名教职工当选永川区侨联第六届委员会委员,https://www.cqwu.edu.cn/article_325096.html
    12月3日至4日，机关第一党总支第二支部前往武隆区土地乡沿河村开展“我为群众办实事”实践活动。,12月9日,【我为群众办实事】机关第一党总支第二支部到武隆区开展“我为群众办实事”实践活动,https://www.cqwu.edu.cn/article_324949.html
    12月5日，成渝地区双城经济圈首届大学生创新创业大赛重庆赛区选拔赛暨第八届重庆市大学生创新创业大赛校级决赛在文理创谷多功能厅举行，80余个创业参赛团队的100余名学生代表参加了比赛。,12月7日,学校举行成渝地区双城经济圈首届大学生创新创业大赛重庆赛区选拔赛暨第八届重庆市大学生创新创业大赛校级决...,https://www.cqwu.edu.cn/article_324825.html
    11月30日，由重庆市教育委员会、重庆市农业农村委员会、重庆市科学技术协会、重庆市乡村振兴局等市级部门联合主办，我校和重庆新发展生态修复与产业研究院共同承办的首届重庆大学生乡村振兴创意大赛决赛在重庆澳维酒店举行。,12月2日,我校成功承办首届重庆大学生乡村振兴创意大赛,https://www.cqwu.edu.cn/article_324414.html
    11月25-27日，我校教职工运动会暨第二十一届田径运动会在红河A区田径场顺利举行。在家校领导孙泽平、兰刚、漆新贵、罗茂、李天福出席了开幕式，各教学单位、非教学单位负责人及全校师生参加了开幕式。,11月29日,我校举办教职工运动会暨第二十一届田径运动会,https://www.cqwu.edu.cn/article_324026.html
    11月23日下午，学校党建暨意识形态工作联席会在恪勤楼422会议室召开。党委副书记兰刚，党委常委、组织部部长周洪亮，教学单位党总支书记、非教学单位主要负责人参加了会议。会议由党委宣传部副部长杨正强主持。,11月25日,学校召开11月党建暨意识形态工作联席会,https://www.cqwu.edu.cn/article_323857.html
    11月19日，学校在恪勤楼422召开党委巡察工作培训会，第二轮巡察组成员、学校巡察人才库全体人员、党委巡察办工作人员参加了培训。会议由学校党委巡察办主任黎志主持。,11月21日,学校召开党委巡察工作培训会,https://www.cqwu.edu.cn/article_323652.html
    11月15日下午，学校党委常委、副校长漆新贵深入少数民族联谊会开展走访谈心活动，并召开座谈会进行了交流。,11月17日,校领导深入少数民族联谊会开展走访谈心活动,https://www.cqwu.edu.cn/article_323488.html
    11月12日上午，学校在恪勤楼504会议室召开环重庆文理学院创新生态圈建设研讨会，永川区科技局党组书记杨本森、局长漆远英，永川国家高新区管委会副主任向章剑，区人社局党委委员、就业和人才中心副主任张晓东，学校党政办公室、教务处、学生处、人事处、科研处、计财处、国资处、团委、创新创业学院相关负责人参加此次研讨会。会议由创新创业学院副院长陈盛兴主持。,11月13日,学校召开环重庆文理学院创新生态圈建设研讨会,https://www.cqwu.edu.cn/article_323329.html
    ?11月10日下午，学校副校长金盛列席外国语学院党总支委员会，并对学院的意识形态工作、党风廉政建设等工作进行指导。学院领导班子、党总支委员、支部书记参加会议。,11月12日,校领导到外国语学院调研指导工作,https://www.cqwu.edu.cn/article_323261.html
    11月8日上午，学校党委副书记兰刚到党委宣传部、党委统战部调研指导工作，并列席了部务会。部门中干（含助理）、全体科岗参会。,11月10日,校领导到党委宣传部、党委统战部调研指导工作,https://www.cqwu.edu.cn/article_323177.html
    11月4日下午，学校党委副书记、校长黄伟九到材料科学与工程学院（新材料技术研究院）开展意识形态调研座谈会，材料科学与工程学院全体领导班子成员、科岗人员参会。,11月8日,学校党委副书记、校长黄伟九到材料科学与工程学院调研指导工作,https://www.cqwu.edu.cn/article_323105.html
    11月3日上午，学校特邀教育部高校戏剧与影视学类专业教学指导委员会主任、北京师范大学博士生导师周星教授在线上作题为“建党百年进程中2021中国电影的分析与展望”的学术讲座。文化与传媒学院骨干教师及传媒专业的学生到恪勤楼304报告厅聆听。讲座由学校党委常委、副校长李天福主持。,11月5日,周星教授为我校师生作线上专题讲座,https://www.cqwu.edu.cn/article_322987.html
    11月1日上午，重庆市2021年基础教育管理干部能力提升培训开班典礼在培训学院114教室举行。市教委副主任李劲渝，学校校长黄伟九，市教委基础教育处处长吴薇和来自重庆市41个区（县）教委以及市考试院、市评估院、市技装中心、市教科院负责基础教育的管理干部50人参加了开班典礼。开班典礼由学校副校长金盛主持。,11月3日,重庆市2021年基础教育管理干部能力提升培训在学校开班,https://www.cqwu.edu.cn/article_322830.html
    10月28日上午，由我校承办的前沿新材料与高端智造技术助力“一带一路”建设高级研修班开班典礼在永川区世纪汉腾酒店会议室举行。我校继续教育学院（培训学院）、材料科学与工程学院（新材料技术研究院）相关负责人，来自渝中区、江北区、沙坪坝区、北碚区、永川区等10余个区县的60余位学员参加。,11月1日,我校承办的2021年重庆市“前沿新材料与高端智造技术助力‘一带一路’建设高级研修班”开班典礼顺利举行,https://www.cqwu.edu.cn/article_322749.html
    10月26日晚，学校食品安全专题研讨暨食品安全培训工作会议在博文馆101会议室举行。永川区市场监督管理局党组成员、副局长李华，学校副校长金盛，国有资产管理处、安全管理处主要负责人，后勤管理处全体人员，学校内食品经营负责人及从业人员参加会议。会议由后勤管理处处长周仁主持。,10月29日,学校召开食品安全专题研讨暨食品安全培训工作会议,https://www.cqwu.edu.cn/article_322682.html
    近日，第40届重庆市大学生“校园之春”文化艺术体育活动结束，学校共获得22项奖励。,10月27日,学校在重庆市第40届“校园之春”文化艺术体育活动中获22项奖励,https://www.cqwu.edu.cn/article_322455.html
    10月22日下午，重庆理工大学邱冬阳教授应邀到我校举办科研诚信教育专题报告会，会议在恪勤楼304会议室举行。各教学执行部门、教学服务部门负责人，二级学院科研分管领导、科研秘书，专职科研人员，教师代表等近200人参加了会议。会议由学校科研处处长罗天洪主持。,10月22日,学校举办科研诚信教育专题报告会,https://www.cqwu.edu.cn/article_322275.html
    10月18日下午，重庆市教委国际处党支部书记李斌一行六人与我校机关第二党总支第四支部（国际处）、国际教育学院党总支教工支部在我校恪勤楼422会议室联合开展主题党日活动，副校长谭宏作为普通党员参与主题党日活动。活动由机关第二党总支书记余泽标主持。,10月20日,重庆市教委国际处党支部联合我校党支部开展主题党日活动,https://www.cqwu.edu.cn/article_322170.html
"    10月13日至15日，第七届中国国际“互联网+”大学生创新创业大赛总决赛在江西省南昌大学隆重举行，本届大赛由教育部等12个中央部委单位和江西省人民政府共同主办，南昌大学、南昌市人民政府承办。我校参赛团队继获得获得市级10金12银后再次斩获全国金奖1项、全国银奖1项、全国铜奖5项，其中材料科学与工程学院/新材料技术研究院崔建强团队的“国产大飞机用隔音隔热超细玻璃纤维棉”项目夺得全国金奖,同时以小组赛第1的优异成绩获得高教主赛道全国总决赛三强争夺赛资格，并在三强争夺赛中总分位列全国第9名、重庆市高校第1名；园林与生命科学学院/特色植物研究院王启瑶团队的“椒聊之实蕃衍盈升-无刺花椒种苗助力乡村振兴”项目夺得全国银奖；罗燕团队的“姜山如此多娇――乡村振兴的践行者”等5个项目夺得全国铜奖。这是我校首次在中国国际“互联网+”大学生创新创业大赛总决赛中斩获金奖银奖，金奖数量和获奖总数量均居重庆市高校第3位。",10月16日,重大历史性突破：我校学子获中国国际“互联网+”大学生创新创业大赛国家奖1金1银5铜,https://www.cqwu.edu.cn/article_321999.html
    10月13日下午，电子信息与电气工程学院党总支书记程正富在格术楼C301会议室为学院60余名学生代表作了学习贯彻习近平总书记“七一”重要讲话精神的宣讲报告。,10月14日,【党史学习教育系列报道】学校电子信息与电气工程学院党总支开展 学习贯彻习近平总书记“七一”重要讲话精...,https://www.cqwu.edu.cn/article_321900.html
    10月9日下午，学校党委常委、副校长谭宏在留学生公寓104会议室为人工智能学院和国际教育学院、文化遗产学院近80名教职工宣讲了习近平总书记“七一”重要讲话精神。宣讲会由人工智能学院党总支书记杨加强主持。,10月11日,【党史学习教育系列报道】学校党委常委、副校长谭宏到二级学院宣讲习近平总书记“七一”重要讲话精神,https://www.cqwu.edu.cn/article_321702.html
    9月29日下午，学校党委常委、副校长漆新贵在格术楼C301会议室为电子信息与电气工程学院和智能制造工程学院教职工宣讲了习近平总书记“七一”重要讲话精神。宣讲会由电子信息与电气工程学院党总支书记程正富主持。,9月30日,学校党委常委、副校长漆新贵到基层宣讲习近平总书记“七一”重要讲话精神,https://www.cqwu.edu.cn/article_320370.html
    9月24日下午，学校劳动教育工作推进会在恪勤楼221会议室召开。学校副校长漆新贵，党委宣传部、教务处、学生工作处、人事处、安全管理处、后勤管理处、团委、图书馆和创新创业学院负责人，各二级学院分管教学工作副院长，教务处相关人员参加了会议。会议由教务处处长王东强主持。,9月27日,学校召开劳动教育工作推进会,https://www.cqwu.edu.cn/article_319379.html
    9月18日下午，市委教育工委宣讲分队成员、学校党委书记孙泽平在恪勤楼304报告厅宣讲了习近平总书记“七一”重要讲话精神。材料科学与工程学院、数学与大数据学院部分师生代表100余人参加了宣讲会。,9月19日,学校党委书记孙泽平为师生作习近平总书记“七一”重要讲话精神宣讲,https://www.cqwu.edu.cn/article_318804.html
"    9月15日下午，学校在恪勤楼304会议室召开第五轮重点学科建设启动工作会,校长黄伟九，副校长谭宏、漆新贵、王明华出席会议，各重点学科所在二级学院的党政负责人、分管学科副院长、学科带头人、学术骨干以及学科秘书共计200余人参加会议。会议由王明华主持。",9月16日,学校召开第五轮重点学科建设启动工作会,https://www.cqwu.edu.cn/article_318673.html
    近日，在团重庆市委、团四川省委、重庆市学联、四川省学联共同举办的川渝高校校园网络足迹打卡党史学习教育活动中，我校荣获本科院校组优秀组织奖，同时我校教育学院19级小学教育（全科教师）3班学生刘佳鑫获优秀奖。,9月13日,我校在川渝高校校园网络足迹打卡党史学习教育中荣获优秀组织奖,https://www.cqwu.edu.cn/article_318420.html
    近日，重庆市教育委员会发布了《关于印发2021―2025年重庆市普通本科高等学校教学指导委员会的通知》（渝教高发〔2021〕18号），我校入选委员数量达78名，其中主任委员1名、副主任委员9名，入选数量在全市普通本科高校中名列第6位。,9月9日,我校78人次入选重庆市普通本科高等学校教学指导委员会委员,https://www.cqwu.edu.cn/article_318318.html
    9月1日上午，永川区委书记张智奎带队来我校调研。学校党委书记孙泽平、校长黄伟九陪同调研并作相关介绍，区领导潘文峰、文良印、赵德明、宋文、任伯平，学校领导王明华、金盛等参加调研。,9月4日,永川区委书记张智奎带队来校调研,https://www.cqwu.edu.cn/article_318072.html
    8月19日上午，在第四个“中国医师节”来临之际，副校长金盛一行到兴龙湖社区卫生服务中心和星湖校医院看望奋战在一线的医护人员，向他们送上节日慰问品，并代表学校党政向他们致以节日的问候，校医院院长乐波等陪同慰问。,8月20日,校领导慰问学校医护人员,https://www.cqwu.edu.cn/article_317427.html
    近日，重庆市社会科学界联合会发布《关于命名第五批重庆市人文社会科学普及基地的通知》，全市有26个单位被命名为“重庆市人文社会科学普及基地”，我教育创新研究院名列其中。,7月27日,我校教育创新研究院喜获“重庆市人文社会科学普及基地”称号,https://www.cqwu.edu.cn/article_317016.html
    7月17日，学校音乐学院89级校友相聚母校举行毕业30年纪念活动，大家欢聚一堂，共同回首往事，追忆美好青春，畅叙师生情谊。学校党委副书记、校长黄伟九，学校校友办主任、校友总会秘书长谢华琳，音乐学院党总支书记、副院长杨桦，党政办主任、校友分会秘书长毛君，89级校友教师代表陈光青、彭云、郭莘舫、蒋世雄、张红霞及30余名89级校友参加纪念活动。,7月20日,学校音乐学院89级校友返校举行毕业30年纪念活动,https://www.cqwu.edu.cn/article_316965.html
    7月10日下午，教育学院首届小学教育专业（98级）学生毕业20周年师生座谈会在知津楼D506举行。学校副校长漆新贵，教育学院院长何华敏、党总支书记孔庆波，学校校友总会秘书长谢华琳，授课教师代表何祖祥、张玉翠、王蕾、曹成刚、赵杨群、刘中胜、徐红川、张洪彬以及98级小学教育专业毕业生等共计50余人参加。座谈会由重庆江北区蜀都小学副校长张梅校友主持。,7月16日,学校教育学院举行首届小学教育专业（98级）学生毕业20周年师生座谈会,https://www.cqwu.edu.cn/article_316818.html
学校机关第三党总支第三支部赴重庆三峡博物馆和建川博物馆开展党史学习教育主题实践活动,7月11日,【党史学习教育系列报道】学校机关第三党总支第三支部赴重庆三峡博物馆和建川博物馆开展党史学习教育主题实...,https://www.cqwu.edu.cn/article_316585.html
    7月7日，我校与重庆雯羽体育文化传播有限公司战略合作框架协议签约仪式在体育学院会议室举行。羽毛球世界冠军、奥运会铜牌获得者、重庆雯羽体育文化传播有限公司主要负责人、重庆羽毛球专业队(渝北队)总教练张亚雯，我校体育学院院长唐建忠、党总支书记李F参加了签约仪式。,7月9日,我校与重庆雯羽体育文化传播有限公司签订战略合作框架协议,https://www.cqwu.edu.cn/article_316287.html
学校创新创业学院开展“我为群众办实事”送创业政策进校园活动,7月7日,【党史学习教育系列报道】学校创新创业学院开展“我为群众办实事”送创业政策进校园活动,https://www.cqwu.edu.cn/article_315601.html
    7月1日-3日，马克思主义学院党总支书记刘明明、思政课教师代表、“四史”宣讲团部分成员一行11人到彭水县黄家镇开展暑期“三下乡”社会实践活动。,7月5日,【暑期社会实践】马克思主义学院师生赴彭水县黄家镇开展暑期“三下乡”社会实践活动,https://www.cqwu.edu.cn/article_315292.html
学校机关第三党总支第四支部赴重庆工业博物馆开展党史学习教育研学活动,7月2日,【党史学习教育系列报道】学校机关第三党总支第四支部赴重庆工业博物馆开展党史学习教育研学活动,https://www.cqwu.edu.cn/article_315224.html
学校继培学院党总支开展缅怀革命先烈庆祝中国共产党成立100周年,6月29日,【党史学习教育系列报道】学校继培学院党总支开展缅怀革命先烈庆祝中国共产党成立100周年,https://www.cqwu.edu.cn/article_315102.html
    6月18日下午，我校与库兹巴斯科教中心，通过视频会议的方式举行了合作签约仪式。俄罗斯克麦罗沃州科技与高等教育厅厅长加妮耶娃，库兹巴斯国立技术大学校长雅科夫列夫，信息与电信技术仪器制造者和专家国际联盟执行委员会主席波波夫以及库兹巴斯国立技术大学校长顾问钟洋等相关代表，我校校长黄伟九、副校长谭宏，以及国际合作与交流处、电子信息与电气工程学院、材料科学与工程学院相关负责人和工作人员参加了会议。会议由库兹巴斯科教中心国际处处长斯科尔尼亚科夫、谭宏和钟洋共同主持。,6月28日,我校与俄罗斯库兹巴斯科教中心举行合作签约仪式,https://www.cqwu.edu.cn/article_315097.html
    近日，学校收到住房和城乡建设部高等教育工程管理专业评估委员会《关于重庆文理学院工程管理专业评估结论的通知》（工管评〔2021〕第32号），工程管理专业顺利通过专业评估（认证），实现我校在工程教育专业认证工作的新突破。,6月24日,我校工程管理专业顺利通过工程教育专业评估（认证 ）,https://www.cqwu.edu.cn/article_314966.html
    近日，我校辅导员连获两项佳绩。园林与生命科学学院辅导员贺方云荣获2020年度重庆市优秀辅导员，智能制造工程学院辅导员李树明、园林与生命科学学院辅导员黄威分获重庆市第九届高校辅导员素质能力大赛本科院校组三等奖。,6月21日,我校辅导员连获上级表彰,https://www.cqwu.edu.cn/article_314817.html
    6月15日下午，学校垃圾分类知识学习培训会在博文馆101举行，会议邀请重庆市环卫集团垃圾分类专家、永川区垃圾分类示范项目负责人龚罗鑫主讲，师生代表200余人参加。培训会由后勤管理处处长刘元勇主持。,6月16日,学校组织召开垃圾分类知识学习培训会,https://www.cqwu.edu.cn/article_314613.html
    6月11日上午，小学教育专业（全科教师）校地协同培养研讨会在知津楼D506召开。荣昌区、南川区、梁平区、潼南区、巫山县、城口县等我校小学教育专业（全科教师）定向区县的教育工委副书记、人事科科长，我校副校长漆新贵，教务处负责人、教育学院班子成员及部分教师代表参加。研讨会由教育学院院长何华敏主持。,6月11日,我校举办小学教育专业（全科教师）校地协同培养研讨会,https://www.cqwu.edu.cn/article_314486.html
    6月9日，学校纪委书记、市监委驻重庆文理学院监察专员带领纪检监察室、计划财务处、审计处负责同志，到科研处就科研项目管理、科研经费使用等情况开展调研，科研处负责人及科级干部参加调研座谈。,6月10日,校领导到科研处调研指导工作,https://www.cqwu.edu.cn/article_314412.html
学校组织志愿者深入乡村开展义诊活动,6月8日,【党史学习教育系列报道】学校组织志愿者深入乡村开展义诊活动,https://www.cqwu.edu.cn/article_314308.html
学校药学院（创新靶向药物国际研究院）开展“讲党史故事?拾红色记忆”讲党史故事大赛,6月4日,【党史学习教育系列报道】学校药学院（创新靶向药物国际研究院）开展“讲党史故事?拾红色记忆”讲党史故事...,https://www.cqwu.edu.cn/article_314103.html
    6月2日上午，受住房和城乡建设部高等教育工程管理专业评估委员会委托，由同济大学乐云教授为组长，北京方圆工程监理有限公司教授级高级工程师李伟、湖南大学教授陈大川、中国铁建股份有限公司教授级高级工程师彭锋为成员的专家组与学校见面会在恪勤楼422会议室举行。全体在家校领导，土木工程学院科岗以上人员、专业负责人和师生代表，相关职能部门和部分工科类专业所在二级学院负责人共50余人参加会议。会议由专家组组长乐云主持。,6月2日,学校召开工程管理专业评估（认证）专家入校考查见面会,https://www.cqwu.edu.cn/article_313868.html
学校举行“学习新思想 共赞100年 奋进新征程”――讲党史故事暨新媒体展示大赛决赛,5月31日,【党史学习教育系列报道】学校举行“学习新思想 共赞100年 奋进新征程”――讲党史故事暨新媒体展示大...,https://www.cqwu.edu.cn/article_313604.html
    5月27日下午，学校2021年春季学期食品安全暨餐饮服务师生座谈会在三食堂教工餐厅召开。学校校长黄伟九，副校长金盛，学生工作处、国有资产管理处、校工会、校团委、后勤管理处等部门负责人，教师代表和学生代表及食堂代表、超市代表40余人参加会议。会议由金盛主持。   ,5月28日,学校召开食品安全暨餐饮服务师生座谈会,https://www.cqwu.edu.cn/article_313486.html
学校文化与传媒学院党总支开展党史学习教育主题宣讲,5月28日,【党史学习教育系列报道】学校文化与传媒学院党总支开展党史学习教育主题宣讲,https://www.cqwu.edu.cn/article_313470.html
学校文化与传媒学院党总支开展党史学习教育专题宣讲,5月28日,【党史学习教育系列报道】学校文化与传媒学院党总支开展党史学习教育专题宣讲,https://www.cqwu.edu.cn/article_313411.html
学校外国语学院党总支开展党史学习教育宣讲,5月27日,【党史学习教育系列报道】学校外国语学院党总支开展党史学习教育宣讲,https://www.cqwu.edu.cn/article_313328.html
学校电子信息与电气工程学院学生党支部到吉安镇石松村开展党史学习教育主题活动,5月26日,【党史学习教育系列报道】学校电子信息与电气工程学院学生党支部到吉安镇石松村开展党史学习教育主题活动,https://www.cqwu.edu.cn/article_313204.html
学校机关第四党总支第三支部开展党史学习教育主题活动,5月24日,【党史学习教育系列报道】学校机关第四党总支第三支部开展党史学习教育主题活动,https://www.cqwu.edu.cn/article_313024.html
学校马克思主义学院深入永川区兴龙湖中学、红专小学开展党史学习教育宣讲活动,5月20日,【党史学习教育系列报道】学校马克思主义学院深入永川区兴龙湖中学、红专小学开展党史学习教育宣讲活动,https://www.cqwu.edu.cn/article_312836.html
    5月11日-14日，学校组织智能制造工程学院、材料科学与工程学院、外国语学院、电子信息与电气工程学院、土木工程学院深入云阳、开州、江津、綦江、彭水、黔江等16个区县28所中学开展招生宣传巡展活动。,5月18日,学校深入重庆各区县中学开展招生宣传巡展活动,https://www.cqwu.edu.cn/article_312690.html
    5月15日，学校邀请中南大学心理健康教育与咨询专家唐海波教授到校开展了为期一天的心理危机干预专题培训。学生处、安管处、团委等部门相关人员，二级学院分管学生工作负责人、学工办主任、辅导员、学校心理咨询老师参加了培训，内江师范学院学工人员一行25人到我校参加培训交流。,5月17日,学校开展学工系统心理危机干预专题培训,https://www.cqwu.edu.cn/article_312627.html
学校马克思主义学院宣讲团走进松溉小学开展党史宣讲,5月13日,【党史学习教育系列报道】学校马克思主义学院宣讲团走进松溉小学开展党史宣讲,https://www.cqwu.edu.cn/article_312479.html
学校举办党史学习教育专题读书班暨二级中心组政治理论学习研讨会,5月10日,【党史学习教育系列报道】学校举办党史学习教育专题读书班暨二级中心组政治理论学习研讨会,https://www.cqwu.edu.cn/article_312314.html
    4月29日下午，“茶竹和韵・英才兴商”永川区商贸行业校地校企签约仪式在重庆城市科技学院举行。永川区委常委、统战部部长、永川高新区党工委书记宋文，永川区政府副区长王寒峰，永川高新区管委会主任张朝国，以及永川区有关部门、行业企业、部分高校领导出席仪式。我校旅游学院受邀参加签约仪式。,5月6日,我校旅游学院受邀参加永川区商贸行业校地校企合作签约仪式,https://www.cqwu.edu.cn/article_312094.html
学校机关第四总支第三支部开展党史知识竞赛活动,4月30日,【党史学习教育系列报道】学校机关第四总支第三支部开展党史知识竞赛活动,https://www.cqwu.edu.cn/article_311921.html
    4月28日下午，由学校主办，化学与环境工程学院承办的重庆文理学院第四届节能减排大赛暨第十四届全国大学生节能减排社会实践与科技校园选拔赛在知行楼B601圆满结束。,4月29日,学校第四届节能减排大赛暨第十四届全国大学生节能减排社会实践与科技校园选拔赛成功举办,https://www.cqwu.edu.cn/article_311867.html
学校美术与设计学院举办党史知识竞赛,4月27日,【党史学习教育系列报道】学校美术与设计学院举办党史知识竞赛,https://www.cqwu.edu.cn/article_311752.html
    4月24日，2021年高等学校英语专业八级考试在红河校区知津楼顺利举行，副校长漆新贵全程参与并进行了巡考。,4月26日,学校顺利完成2021年高等学校英语专业八级考试工作,https://www.cqwu.edu.cn/article_311662.html
    4月20日下午，学校召开学士学位评定委员会全体会议，对我校机器人工程等3个本科专业申请学士学位授予权进行现场审议。校长黄伟九，副校长漆新贵、王明华、李天福，学校学士学位评定委员会委员以及申请学士学位授予权专业所在二级学院教学副院长、专业负责人参加了会议。会议由教务处副处长丁武泉主持。,4月22日,学校召开2021年本科专业申报学士学位授予权审议工作会,https://www.cqwu.edu.cn/article_311452.html
我校材料科学与工程学院党总支与四川大学材料科学与工程学院党委联合开展党史学习教育主题党日活动,4月19日,【党史学习教育系列报道】我校材料科学与工程学院党总支与四川大学材料科学与工程学院党委联合开展党史学习...,https://www.cqwu.edu.cn/article_311326.html
    近日，重庆市教育委员会发布《关于2020年普通高校学生管理工作成绩突出集体和个人的通报》（渝教学发〔2021〕10号），学校教务处被评为普通高校学籍管理工作成绩突出集体，李召红被评为学籍管理成绩突出个人。,4月16日,我校荣获重庆市学籍管理工作成绩突出集体,https://www.cqwu.edu.cn/article_311127.html
    4月14日下午，2021年学校全面从严治党工作会在恪勤楼304会议室举行。会议深入学习贯彻习近平总书记在十九届中央纪委五次全会上的重要讲话精神，认真落实十九届中央纪委五次全会和五届市纪委五次全会部署以及全市教育系统全面从严治党视频会议要求。全体校领导、党委委员、纪委委员、中层干部、科级干部、教学单位党总支纪检委员、非教学单位党总支及支部纪检委员参加会议。会议由党委副书记、校长黄伟九主持。,4月15日,学校召开2021年全面从严治党工作会,https://www.cqwu.edu.cn/article_311040.html
    4月2日下午，我校在逸夫楼B113会议室召开与俄罗斯托木斯克国立大学合作办学视频研讨会。我校副校长谭宏、漆新贵，国际合作与交流处和美术与设计学院相关负责人，俄罗斯托木斯克国立大学主管国际事务副校长阿尔乔姆・尤里耶维奇・雷昆、艺术文化学院院长德米特里・弗拉基米尔罗维奇・加尔金、主管教学副院长塔基亚娜・阿尔诺利多夫・娜扎维娅洛娃、留学生招生办副处长奥克萨娜・维克多罗夫娜・波楚兰等参加了视频会。会议由我校国际合作与交流处处长余泽标主持。,4月3日,我校与俄罗斯托木斯克国立大学召开合作办学视频研讨会,https://www.cqwu.edu.cn/article_310441.html
    3月31日上午，学校在恪勤楼422会议室召开二级学院“十四五”事业发展规划启动暨总规征求意见会。校长黄伟九，相关职能部门主要负责人，各二级学院院长参加会议。会议由发展规划处处长何万国主持。,4月1日,学校召开二级学院“十四五”事业发展规划启动暨总规征求意见会,https://www.cqwu.edu.cn/article_310334.html
    3月27日，重庆市现当代文学研究会第十二届年会暨学术研讨会在我校召开，来自全市各高校中国现当代文学界的教师及在读硕博研究生等70余人参加了会议。我校副校长金盛，重庆市现当代文学研究会会长王本朝和我校文化与传媒学院负责人等出席开幕式。开幕式由重庆市现当代文学研究会副会长李文平主持。,3月29日,重庆市现当代文学研究会第十二届年会暨学术研讨会在我校召开,https://www.cqwu.edu.cn/article_310074.html
    3月24日下午，学校党建暨意识形态工作联席会在恪勤楼422会议室召开。学校党委副书记兰刚，各教学单位党总支书记、非教学单位主要负责人参加了会议。会议由党委常委、党委宣传部部长、党委统战部部长周文东主持。,3月26日,学校召开党建暨意识形态工作联席会,https://www.cqwu.edu.cn/article_309882.html
    近日，由重庆市教育委员会主办的重庆市第六届高校校长书画摄影作品展演评选结果揭晓，我校校领导的4幅书画摄影作品全部获奖。其中，党委副书记兰刚的书法作品《春晓》《龙飞凤舞》分别荣获二、三等奖，校纪委书记罗茂的摄影作品《城市新联接》荣获一等奖，副校长李天福的摄影作品《话春》荣获二等奖。,3月19日,我校在重庆市第六届高校校长书画摄影作品评选中喜获佳绩,https://www.cqwu.edu.cn/article_309568.html
    近日，北京大学图书馆编制的《中文核心期刊要目总览》（2020年版）正式发布，创刊8年的《重庆高教研究》首次入编教育类核心期刊。这是《重庆高教研究》继入选中文社会科学引文索引（CSSCI）扩展版来源期刊（2019―2020）、RCCSE中国核心学术期刊（A）、日本JST数据库来源期刊（2018)后的又一次突破，也是学术界对《重庆高教研究》办刊质量的再次认可和肯定。,3月12日,我校《重庆高教研究》首次入选《中文核心期刊要目总览》,https://www.cqwu.edu.cn/article_309331.html
    3月7日，重庆卫视《新闻联播》报道了我校研发的“无人驾驶插秧机”助力粮食生产的新闻。,3月8日,我校研发的无人驾驶插秧机登上重庆新闻联播,https://www.cqwu.edu.cn/article_309095.html
"学校2021年寒假在常态化疫情防控和春节中平稳推进。假期的校园别有一番韵味，她在宁静中集聚力量，她在守候中奋力前进。校园中有这样一群人，他们或是默默坚守岗位，或是主动躬身科研。他们为新学期准备着、为事务思考着、为校园忙碌着，他们在主动作为、在奉献精力、在等待师生们归来……

",2月27日,寒假特写|致敬坚守岗位奋进拼搏的文理人,https://www.cqwu.edu.cn/article_309027.html
    1月27日-28日，永川区政协十五届五次会议在永川文化艺术中心召开。期间，我校14位政协委员以高度的政治责任感，认真履行政协委员职责，通过提案、联组讨论、分组讨论、发言、接受采访等形式，积极建言献策，并获多项表彰。,2月2日,我校区政协委员积极参政议政并获多项表彰,https://www.cqwu.edu.cn/article_308913.html
    近日，永川区人力资源和社会保障局发来感谢信，感谢我校智能制造工程学院赵立军、电子电气工程学院欧汉文、体育学院钟利三位老师为重庆市机器人系统集成项目和移动机器人项目参赛队的选手参加中华人民共和国第一届职业技能大赛提供全面技术指导、体能和心理素质训练，对比赛取得优异成绩起到了至关重要的作用。,1月19日,永川区人力资源和社会保障局给我校发来感谢信,https://www.cqwu.edu.cn/article_308814.html
    1月12日下午，我校2020年度市级高等教育教学改革研究项目结题评审验收会在恪勤楼422会议室举行。评审专家由重庆理工大学副校长廖林清教授、重庆师范大学教务处处长申仁洪教授、重庆第二师范学院教务处处长吴海霞教授与我校经济管理学院院长陈天培教授、数学与大数据学院院长马纪成博士组成。各申请结题项目负责人及部分成员参加了结题评审验收。,1月13日,我校举行2020年度市级高等教育教学改革研究项目结题评审验收会,https://www.cqwu.edu.cn/article_308707.html
    近日，我校档案馆收到重庆市大学中专毕业生就业指导服务中心发来的感谢信，感谢我校为其网上申请认证的学历及成绩核实工作提供支持与配合。信中提到，特别是档案馆潘澜月老师为做好认证服务工作作出了重要贡献。,1月8日,重庆市大中专就业指导服务中心向学校档案馆发来感谢信,https://www.cqwu.edu.cn/article_308579.html
    12月31日下午，学校党委常委、副校长漆新贵与所联系的美术与设计学院教工一支部全体党员教师在逸夫楼B113会议室举行座谈。,1月5日,校领导到美术与设计学院开展党建工作调研座谈,https://www.cqwu.edu.cn/article_308460.html
    12月23日上午，我校旅游学院与讯狐国际科技（北京）有限公司校企合作座谈会在恪勤楼504会议室举行。副校长漆新贵，讯狐国际科技（北京）有限公司CEO吴峰，教务处、旅游学院相关负责人及专业教师参加了会议。,12月29日,我校与讯狐国际科技（北京）有限公司举行校企合作洽谈,https://www.cqwu.edu.cn/article_308236.html
    近日，教育部思想政治工作司、中央网信办网络社会工作局联合下发《关于公布第四届全国大学生网络文化节活动入选名单的通知》，我校选送的学生作品共获得其他类网络创新作品类一等奖1项，网文类二等奖1项、三等奖1项。,12月24日,我校学生在第四届全国大学生网络文化节中获佳绩,https://www.cqwu.edu.cn/article_308060.html
    12月19日-20日，由中国服务贸易协会指导、中国服务贸易协会专家委员会主办、重庆市商务委员会支持的“2020中国服务业开放与发展论坛”在重庆召开，来自政府主管部门、高校及研究机构、商协会负责人及服务贸易企业代表等300余人出席大会。我校人工智能学院罗代忠教授受邀出席大会并作交流报告。,12月22日,我校罗代忠教授受邀出席2020中国服务业开放与发展论坛并作大会交流发言,https://www.cqwu.edu.cn/article_307964.html
    12月16日上午，重庆市党的十九届五中全会精神进校园宣讲分队成员、学校党委副书记兰刚在学生事务中心303为机关第三党总支所在单位全体教职工宣讲了党的十九届五中全会精神。宣讲会由学生工作处处长钱闾建主持。,12月18日,校领导宣讲党的十九届五中全会精神,https://www.cqwu.edu.cn/article_307793.html
    12月15日，我校与中国建设银行股份有限公司重庆市分行“产教融合实训基地”签约暨授牌启动仪式在数学与大数据学院会议室举行。中国建设银行股份有限公司重庆市分行组织部部长、人力资源部总经理王栎及中国建设银行重庆永川支行行长甘伟等一行6人，学校副校长漆新贵，教务处、数学与大数据学院、经济管理学院相关负责人、2017级金融数学部分实习生代表等参加签约授牌仪式。数学与大数据学院执行院长马纪成博士主持签约授牌仪式。,12月16日,我校与中国建设银行重庆市分行举行“产教融合实训基地”签约暨授牌仪式,https://www.cqwu.edu.cn/article_307745.html
    12月9日下午，第七届“云日人力资源奖学金”评审及发放仪式在知津楼D505举行。学校副校长李天福，重庆云日产业集团副总裁徐朝伦，《重庆科技》杂志主编甘永祥，重庆环投生态环境监测网络与工程治理有限公司人事总监刘立军，重庆云日产业集团人力资源部经理封利，学校校友总会秘书长谢华琳，教育学院党总支书记孔庆波，教育学院各年级辅导员、云日奖学金入围学生及部分学生代表出席了本次会议。会议由教育学院2018级学生张荣秀主持。,12月11日,学校举行第七届“云日人力资源奖学金”评审发放仪式,https://www.cqwu.edu.cn/article_307570.html
    12月4日晚，民建重庆文理学院支部支部组织全体委员和会员在科技楼会议室开展党的五中全会精神专题学习研讨会，并邀请了民建重庆市委直属工委五支部会员石一非参会。,12月8日,民建重庆文理学院支部深入学习贯彻党的十九届五中全会精神,https://www.cqwu.edu.cn/article_307426.html
    11月30日，重庆市内部审计协会下发《关于表彰2017至2019年重庆市内部审计先进集体和先进工作者的决定》（渝内协发〔2020〕15号），我校审计处被评为“2017至2019年重庆市内部审计先进集体”。据悉，全市各行业内审机构中共有19个单位获得表彰。,12月3日,我校审计处荣获“重庆市内部审计先进集体”称号,https://www.cqwu.edu.cn/article_307218.html
    11月25日下午，学校党建暨意识形态工作联席会在恪勤楼304报告厅召开。学校党委副书记兰刚，各单位党总支书记、非教学单位主要负责人参加了会议。会议由党委常委、组织部部长周洪亮主持。,11月27日,学校召开党建暨意识形态工作联席会,https://www.cqwu.edu.cn/article_306908.html
    11月24日，重庆日报刊发《重庆文理学院新材料技术研究团队：为京东方新增产值上百亿元》一文，报道我校服务成渝地区产业发展情况。,11月24日,《重庆日报》报道我校服务地方产业发展成效,https://www.cqwu.edu.cn/article_306712.html
    近日，重庆市教育委员会开展了脱贫攻坚专项奖励工作，我校凭借近年来在脱贫攻坚事业中的显著成绩，荣获重庆市教育委员会脱贫攻坚集体嘉奖，金盛、邓德学2名同志凭借驻乡、驻村期间的优异表现，荣获重庆市教育委员会脱贫攻坚个人嘉奖。,11月20日,我校荣获多项重庆市教育委员会脱贫攻坚专项奖励,https://www.cqwu.edu.cn/article_306591.html
    为丰富校园文化生活，提高教职工身体素质，近日由校工会主办，体育学院、教职工羽毛球协会承办的2020年度教职工羽毛球比赛在永川体育中心羽毛球馆圆满结束。,11月16日,学校2020年度教职工羽毛球比赛圆满落幕,https://www.cqwu.edu.cn/article_306361.html
    11月12日，星星人文家风门新业务三方合作协议签字活动在重庆星星套装门（集团）有限责任公司开州区总部基地成功举行。中国木门协会副会长、重庆市木门协会执行会长、星星集团董事长刘晓俊及各分管研发、生产、销售、财务的副总经理和有关人员，“世界文化艺术奖”获得者、中关村双创大学校长、重庆家风街文化传播有限公司董事长宾春余及团队成员，全国品牌社团组织联席会秘书长、重庆市品牌学会秘书长、我校品牌科学研究所所长张锐教授及品牌建设协同创新团队核心专家出席合作交流与签字仪式。,11月13日,我校品牌建设协同创新团队与星星套装门集团开展合作对接,https://www.cqwu.edu.cn/article_306293.html
    近日，由我校旅游学院和华宇优家智慧生活集团有限公司共同举办的“华宇菁英班”开班仪式在星湖校区镜湖楼2308会议室举行。华宇优加集团物业公司重庆公司执行总经理刘磊、重庆华宇温德姆自尊豪廷大酒店人力资源部副总监李倩、华宇优加集团物业公司重庆公司行政经理祝璐，我校旅游学院党政负责人及菁英班学生共计30余名师生参加开了班仪式。,11月9日,学校 “华宇菁英班”开班仪式顺利举行,https://www.cqwu.edu.cn/article_306111.html
    10月31日―11月1日，中国高校影视学会第二十届年会暨第十三届中国影视高层论坛在四川电视电影学院举行。我校文化与传媒学院韩永青教授申报的《纪录片创作教程》荣获中国高校影视学会第十三届“学会奖”暨2019―2020年度学术成果推优专业教材二等奖。,11月4日,我校《纪录片创作教程》荣获中国高校影视学会学术成果推优专业教材二等奖,https://www.cqwu.edu.cn/article_305911.html
    10月18日至11月1日，学校分批次开展了2020级新生入学适应专题讲座。,11月2日,学校开展2020级新生入学适应专题讲座,https://www.cqwu.edu.cn/article_305820.html
    近日，国务院第二次全国污染源普查领导小组办公室发文，对在第二次全国污染源普查工作中表现突出的集体、个人予以表彰。我校化学与环境工程学院被评为表现突出的集体，是重庆市唯一获此殊荣的高校。,10月28日,我校在第二次全国污染源普查工作中获得表彰,https://www.cqwu.edu.cn/article_305540.html
    近日，由全国大学生机械创新设计大赛组委会、教育部高等学校机械基础课程教学指导分委员会主办的第九届全国大学生机械创新设计大赛慧鱼组(2020)竞赛暨第十一届全国慧鱼工程技术创新设计大赛在温州大学落下帷幕。我校智能制造工程学院组建团队参加了比赛，并荣获国家二等奖1项、三等奖1项。,10月24日,我校学生在第九届全国大学生机械创新设计大赛慧鱼组(2020)竞赛中喜获佳绩,https://www.cqwu.edu.cn/article_305390.html
    10月18日上午，由我校承担的“国培计划――重庆市民办幼儿园园长规范办园培训项目”和“市培项目――重庆市幼儿园园长任职资格培训项目”开班典礼在博文馆101会议室举行。重庆市教委二级巡视员刘先海、长沙师范学院副校长皮军功，我校培训学院、教育学院相关负责人出席开班典礼。开班典礼由我校副校长金盛主持。,10月20日,我校举行国（市）培项目开班典礼,https://www.cqwu.edu.cn/article_305072.html
    近日，第13届中国大学生计算机设计大赛顺利落下帷幕。我校美术与设计学院、人工智能学院选派的学生在市赛及全国总决赛中荣获佳绩。,10月14日,我校学生在第13届中国大学生计算机设计大赛中获佳绩,https://www.cqwu.edu.cn/article_304807.html
    9月27日下午，铜梁区市场监督管理局局长周光辉、副局长董永华一行来我校品牌科学研究所（重庆市品牌学会秘书处）交流校地品牌建设资政项目合作，双方在B校区知行楼A604举行交流座谈。全国品牌社团组织联席会秘书长、重庆市品牌学会秘书长、品牌科学研究所所长张锐，我校党政办公室、经济管理学院等相关负责人和有关专家参加会议。铜梁区科技局局长、我校原科研处处长唐建民应邀出席。,9月30日,铜梁区市场监管局到我校交流品牌建设项目合作,https://www.cqwu.edu.cn/article_304532.html
    9月25日，重庆建工集团2021届校园专场招聘会在红河校区学生活动中心举行。学校副校长李天福，招生就业处、土木工程学院负责人，部分二级学院毕业班辅导员及相关专业400余名2021届毕业生参会。,9月27日,我校举办重庆建工集团2021届校园专场招聘会,https://www.cqwu.edu.cn/article_304113.html
    9月23日下午，学校工会举行教学单位教职工乒乓球比赛。,9月24日,学校举行2020年教学单位教职工乒乓球赛,https://www.cqwu.edu.cn/article_303870.html
    9月19日，2020年上半年全国大学英语四六级及日语、俄语四级等级考试在我校红河、星湖两校区准时开考，参考人数共计7065名，设置考场243个。,9月22日,我校顺利完成2020年上半年全国大学外语 等级考试,https://www.cqwu.edu.cn/article_303679.html
    9月16日上午，受重庆市教科文卫体工会的委托，我校对校工会推荐的4名优秀教师代表进行了慰问，慰问活动在恪勤楼623会议室举行。,9月16日,重庆市教科文卫体工会慰问学校优秀教师代表,https://www.cqwu.edu.cn/article_303333.html
    9月9日下午，学校在恪勤楼422会议室召开重庆文理学院庆祝第36个教师节教师代表座谈会，全体在家校领导、党委常委、扶贫教师代表、防疫抗疫教师代表、从教30周年教师代表、高层次人才代表、退休教师代表、一线教师代表、新进教师代表近40人参加座谈会，共话立德树人奋进担当，共谋学校发展大计。会议由副校长金盛主持。,9月11日,学校召开庆祝第36个教师节教师代表座谈会,https://www.cqwu.edu.cn/article_303082.html
    9月7日，新学期第一天。全体校领导及职能部门、二级学院负责人到各食堂与师生一起就餐，面对面听取师生意见建议。,9月9日,校领导带队到食堂陪餐,https://www.cqwu.edu.cn/article_303003.html
    9月3日上午，校长黄伟九、党委副书记兰刚、副校长金盛带领相关部门对红河校区食堂开餐准备工作情况进行了检查。,9月3日,校长黄伟九带队检查秋季开学餐饮准备情况,https://www.cqwu.edu.cn/article_302736.html
    8月12日，我校体育学院金京元老师在2020年中超联赛苏州赛区上海上港和武汉卓尔的比赛中担任主裁判。在当天的比赛中，金京元老师以其良好的裁判业务水平，获得了业内业外的一致好评。,8月16日,我校金京元老师执法中国足球超级联赛,https://www.cqwu.edu.cn/article_302572.html
    为积极响应学校决战决胜脱贫攻坚工作要求，切实做好贫困村精准扶贫档案帮扶工作，全力助推打赢打好脱贫攻坚战。7月21-7月23日，学校档案馆先后赴永川区朱沱镇政府、吉安镇政府、朱沱镇涨谷市级贫困村、吉安镇石松市级贫困村等镇村，开展村级精准扶贫档案业务技能培训工作。,7月27日,学校档案馆开展村级精准扶贫档案业务技能培训 助力精准扶贫,https://www.cqwu.edu.cn/article_302095.html
    为进一步深入学习贯彻党的十九届四中全会和民法典精神，帮助全校领导干部深入理解把握民法典核心要义和重点内容，带动全校师生提高普法、学法、懂法、守法、用法意识，加快推进学校治理体系和治理能力现代化建设，7月13日下午，学校在恪勤楼304会议室召开党委中心组（扩大）学习暨干部培训会，邀请著名法学家、西南政法大学校长付子堂教授作民法典专题辅导报告，全体在家校领导、处级干部，法学教师和思政课教师近200人参加。会议由学校党委书记孙泽平主持。,7月14日,学校召开党委中心组（扩大）学习暨干部培训会,https://www.cqwu.edu.cn/article_301919.html
    7月6日上午，学校2019-2020学年第二学期期末工作会在恪勤楼304会议室召开，全体在家校领导、中层干部参加了会议。会议由党委书记孙泽平主持。,7月7日,学校召开2019-2020学年第二学期期末工作会,https://www.cqwu.edu.cn/article_301610.html
    ?最近，我校与俄罗斯托木斯克理工大学联合培养的首届材料科学与工程国际班13名学子顺利通过毕业答辩，其中9名同学获得满分，4名同学获得“感谢信”。13名同学目前已收到包括莫斯科国立大学、莫斯科国立鲍曼技术大学、圣彼得堡理工大学、托木斯克理工大学、莫斯科物理技术大学等俄罗斯排名前十的世界知名高校硕士研究生“录取通知书”，其中1名同学获国家留学基金委“与莫斯科大学互换奖学金”（项目全国仅支持2人），2名同学获得俄罗斯国家奖学金(工程技术类中国籍学生仅有)，7名学生获得国家留学基金委公派出国留学资格。,7月3日,我校首届材料科学与工程国际班多名学子获国家公派出国留学攻读硕士学位,https://www.cqwu.edu.cn/article_301482.html
    近日，国家哲学社会科学文献中心、中国社会科学院图书馆发布《国家哲学社会科学文献中心学术期刊数据库用户关注度报告（2019年度）》，我校和重庆市高等教育学会联合主办的《重庆高教研究》荣获“教育学学科最受欢迎期刊”称号。,6月22日,《重庆高教研究》再获国家哲学社会科学文献中心 “教育学学科最受欢迎期刊”称号,https://www.cqwu.edu.cn/article_301161.html
    近期，学校党委书记孙泽平带领党政办公室、教务处、学生工作处、招生就业处、后勤管理处等部门负责人到二级学院调研指导工作，并分别召开调研座谈会。相关二级学院党政领导班子成员参加座谈会。,6月15日,学校党委书记孙泽平带队到二级学院调研指导工作,https://www.cqwu.edu.cn/article_300844.html
"    6月10日，学校副校长金盛带领继续教育学院/培训学院相关负责人到重庆科创职业学院考察交流,受到该校执行董事何弦、党委书记董刚、校长戴伟的热情接待。
金盛一行参观了图书馆、教学大楼、实训楼。在交流会上，双方分别介绍了各自学校的办学历程、特色成效、专业发展等情况，同时表示要抓住成渝地区双城经济圈建设和西部职教建设的契机，在科学研究、项目申报、人才培养、资源共享、学历教育等领域进一步加强合作交流，并确定了具体合作事项。
",6月11日,校领导带队到重庆科创职业学院考察交流,https://www.cqwu.edu.cn/article_300765.html
    6月2日上午，本见投资（北京）有限公司董事长、曲率创工场联合创始人夏朝阳博士，上海金股湾资本创始人、我校企业家校友会秘书长谢伟一行到校洽谈校企合作事宜。学校副校长漆新贵，党政办公室、教务处、校友工作办公室、创新创业学院相关负责人参加了洽谈会。会议由创新创业学院副院长陈盛兴主持。,6月4日,我校与本见投资（北京）有限公司举行合作洽谈,https://www.cqwu.edu.cn/article_300534.html
    5月26日下午，学校党委书记孙泽平带领学生处、教务处相关负责人到土木工程学院调研指导工作，并在格物楼A610会议室召开座谈会。土木工程学院负责人及教师代表参与座谈。,5月28日,学校党委书记孙泽平一行到土木工程学院调研指导工作,https://www.cqwu.edu.cn/article_300351.html
    5月20日下午，由永川区民营促进中心主办的永川区政府各部门送微型企业政策进校园活动在我校举行。永川区经济和信息化委员会、永川区科技局、永川区人社局、永川区税务局、永川区市场监督管理局参加了此次送政策进校园活动。,5月22日,永川区政府送微型企业政策进校园活动在我校开展,https://www.cqwu.edu.cn/article_300225.html
    5月13日下午，学校召开2020年全面从严治党工作会，全面贯彻十九届中央纪委四次全会、五届市纪委四次全会、全市教育系统全面从严治党工作会精神。全体在家校领导，全体中层干部，非教学单位党总支、支部纪检委员，教学单位党总支纪检委员等参加会议。会议由党委副书记兰刚主持。,5月14日,学校召开2020年全面从严治党工作会,https://www.cqwu.edu.cn/article_300012.html
    5月6日上午，重庆市普康消毒用品有限公司向我校捐赠价值约7万多元的消毒液和消毒凝胶等物资助力学校复学。重庆市普康消毒用品有限公司董事长刘晓平，我校副校长金盛，党政办、校友办、资产管理处等部门负责人参加了捐赠活动。,5月7日,爱心企业捐赠防疫物资助力学校复学,https://www.cqwu.edu.cn/article_299749.html
    为贯彻落实习近平总书记“要加强心理疏导和心理干预”的指示精神，按照国务院关于《新冠肺炎疫情心理疏导工作方案》的有关要求，4月30日晚，学生工作处心理健康教育科和蔚蓝心理健康教育与咨询中心联合开展了第二期“你说我听 我说你听”线上心理直播间。,5月2日,学校第二期“你说我听 我说你听”心理直播间上线,https://www.cqwu.edu.cn/article_299586.html
    4月20日下午，学校在恪勤楼304会议室召开2020年度脱贫攻坚工作推进会。学校党委书记孙泽平，党委副书记、校长黄伟九，党委副书记兰刚，副校长金盛，市教委国际合作与交流处副处长、市教委扶贫集团驻天元乡工作队联络员李斌出席会议。学校党委组织部主要负责人，各单位党总支书记、扶贫工作主要负责人，派驻巫溪县及永川区扶贫干部，学校教育扶贫工作领导小组成员参加会议。会议由黄伟九主持。,4月22日,学校召开2020年度脱贫攻坚工作推进会,https://www.cqwu.edu.cn/article_299358.html
    4月8日，学校在恪勤楼221会议室召开一流专业建设工作推进会。学校党委副书记、校长黄伟九，副校长漆新贵，教务处和计财处相关负责人，相关二级学院院长（主持工作的主要负责人）及分管教学工作副院长近30人参加了会议。会议由漆新贵主持。,4月12日,学校召开一流专业建设工作推进会,https://www.cqwu.edu.cn/article_299132.html
    新冠肺炎疫情防控工作开展以来，学校美术与设计学院认真贯彻落实疫情防控期间就业工作有关文件精神，多措并举，扎实推进各项工作有效开展，努力做到疫情防控和就业工作两不误两促进。,4月3日,我校美术与设计学院转变就业工作思路全力做好2020届学生就业工作,https://www.cqwu.edu.cn/article_298983.html
    为贯彻落实习近平总书记“要加强心理疏导和心理干预”的指示精神，按照国务院关于《新冠肺炎疫情心理疏导工作方案》的有关要求，在“后疫情”期，为了避免师生因不良情绪过于强烈或持久，可能会被“心理病毒”所伤害，学生工作处和蔚蓝心理健康教育与咨询中心联合推出了“你说我听 我说你听”线上心理直播间活动。,3月30日,【疫情防控，我们在行动】学校开通“你说我听 我说你听”线上心理直播间,https://www.cqwu.edu.cn/article_298613.html
    为认真贯彻落实学校党委《关于用好“学习强国”学习平台，助力打赢疫情防控阻击战的通知》文件精神，我校旅游学院党总支及时制定工作推进方案，扎实推进“学校强国”学习平台进校园工作。,3月24日,学习无止境，永远在路上――旅游学院党总支扎实推进“学习强国”学习平台进校园,https://www.cqwu.edu.cn/article_298534.html
    新学期开学以来，材料科学与工程学院深入落实立德树人根本任务，积极探索专业课与思政教育的有机融合，不断挖掘专业课中的思政元素，主动化身“思政教师”传递正能量，传播爱国情，同向同行形成协同效应。,3月20日,材料科学与工程学院扎实推进课程思政试点教学工作,https://www.cqwu.edu.cn/article_298451.html
    为落实学校党委关于2020年就业工作要求和就业工作推进视频会精神，近日学校副校长李天福带领招生就业处负责人深入18个二级学院，进行就业工作专题调研。,3月18日,校领导检查指导二级学院就业工作,https://www.cqwu.edu.cn/article_298377.html
    3月9日下午，按照教育部的通知要求，学校组织所有思政课教师和大学生在线收看了“全国大学生同上一堂课疫情防控思政大课”直播。我校师生通过电脑、手机等多种方式按时收看，因课程冲突没能观看直播的，以回看视频的方式开展学习，并认真组织学生开展在线讨论，畅谈学习感受，深化学习认识。,3月11日,学校组织师生及时收看学习“全国大学生同上一堂疫情防控思政大课”,https://www.cqwu.edu.cn/article_298191.html
    3月2日，学校迎来疫情防控期间全面开展线上教学的第一天，时间不变，空间转换，师生如约相遇云端课堂，老师们组织有序、热情洋溢，学生们新奇欣喜、精神饱满，顺利开启线上教学任务，全校教学工作秩序井然。,3月4日,我校线上教学工作顺利开展,https://www.cqwu.edu.cn/article_298087.html
为切实践行习近平总书记“始终把人民群众生命安全和身体健康放在第一位”的要求，新材料技术研究院党总支结合科研优势精准出击，针对N95医用防护口罩紧缺情况，联合重庆再升科技股份有限公司，迅速投入N95医用防护口罩自主设计研发工作，从设计研发、通过验收到复产仅用9天，用勇于担当彰显责任本色，用奉献坚守创造重庆速度。,2月25日,【疫情防控，我们在行动】校企联动协同，我校科技抗“疫”彰显重庆速度,https://www.cqwu.edu.cn/article_297983.html
    近日，从《重庆市语言文字工作委员会、重庆市教育委员会关于公布重庆市首届语言文字论文评选活动获奖名单的通知》（渝语发〔2019〕4号）中获悉，我校文化与传媒学院2016级汉语言文学师范专业余文华同学报送的论文《重庆土著居民对普通话的认知状况调查报告》（指导教师：王长武）荣获一等奖，王茜茜同学报送的论文《重庆方言詈骂语使用的现象、成因及对策》（指导教师：王长武）荣获二等奖。,2月16日,我校学生在重庆市首届语言文字论文评选活动中喜获佳绩,https://www.cqwu.edu.cn/article_297868.html
    近日，我校自行设计的消毒防疫通道在学校2号门投入使用。该消毒防疫通道长5米，宽1.5米，用不锈钢支架和塑料布搭建，前后出入口设置塑料门帘，通道内放置了10台智能药物雾化器。只要有人靠近通道门口，红外传感器就能感应并启动智能药物雾化器进行喷雾，从而实现对进入人员体表及衣物等进行病毒消杀。,2月8日,【疫情防控，我们在行动】我校联防联控出奇招，自制消毒防疫通道,https://www.cqwu.edu.cn/article_297789.html
    1月28日下午，我校新冠肺炎疫情防控物资保障工作会在恪勤楼504会议室召开，物资保障组、防控督查组相关成员参加了会议。会议由学校新冠肺炎疫情防控领导小组副组长、副校长金盛主持。,1月30日,【疫情防控，我们在行动】学校召开新冠肺炎疫情防控物资保障工作会,https://www.cqwu.edu.cn/article_297729.html
    1月18日，学校后勤管理处联合安管处、校工会精心筹备组织了人和居“不忘初心、牢记使命，鼠你最红迎新春游园活动”，为即将到来的春节增添了浓浓的年味和喜庆的色彩。,1月21日,学校举办人和居迎新春游园活动,https://www.cqwu.edu.cn/article_297696.html
    1月13日，重庆市工程师协会理事长、重庆市政协原副主席陈万志等一行8人来校洽谈合作，并在材料科技楼305会议室进行了座谈。学校校长黄伟九，副校长金盛，教务处、化学与环境工程学院、电子信息与电气工程学院、经济管理学院、人工智能学院/重庆服务外包学院、材料科学与工程学院/新材料技术研究院、智能制造工程学院、继续教育学院/培训学院等相关负责人参加会议。,1月16日,重庆市工程师协会来校洽谈人才培养工作,https://www.cqwu.edu.cn/article_297631.html
    1月10日清晨，副校长金盛在后勤管理处相关负责人的陪同下，突击检查了红河校区自营食堂和知善楼特色档口的食材和食品加工情况。,1月13日,校领导带队突击检查餐饮服务工作,https://www.cqwu.edu.cn/article_297532.html
    为弘扬榜样精神，追忆共产党人初心，激发干事创业的责任担当，在我校原名誉校长、中国工程院院士涂铭旌教授祭日之际，学校组织开展了追思悼念活动。,1月3日,学校举行追思活动悼念涂铭旌院士,https://www.cqwu.edu.cn/article_297269.html
    12月26日，重庆老年高等教育工作者协会举行2019年工作总结暨2020年新春团拜会。会上，我校老协分会被评为2018――2019年度先进集体。,12月30日,我校老协分会荣获2018――2019年度先进集体,https://www.cqwu.edu.cn/article_297048.html
    近日，经国家留学基金委评审，我校材料科学与工程学院/新材料技术研究院2017级材料科学与工程（留俄国际班）八名学生获得公派出国留学资格，每人获得20万的资助，占17级留学国际班学生人数的50%。,12月25日,我校八名材料学子喜获国家公派出国留学资格,https://www.cqwu.edu.cn/article_296774.html
    12月17日，中国驻菲律宾大使馆参赞田善亭莅临菲律宾莱西姆大学，关心慰问中国留学生并出席莱西姆大学中国留学生会成立大会。,12月19日,中国驻菲律宾大使馆参赞田善亭接见我校留菲教师,https://www.cqwu.edu.cn/article_296583.html
    12月11日下午，学校党委常委、副校长漆新贵在格术楼C301会议室为电子信息与电气工程学院学生第一、二党支部的50余名党员讲授了主题为“厚植先锋意识，争做担当民族复兴大任的时代新人”的思想政治理论课。学院学生第一、二党支部的党员共计50余人听取了课程。,12月15日,校领导为联系党支部上思想政治理论课,https://www.cqwu.edu.cn/article_296473.html
    12月6日，学校党委书记孙泽平到文理创谷调研创新生态圈建设情况，副校长漆新贵、纪委书记罗茂及创新创业学院相关负责人陪同调研。,12月10日,党委书记孙泽平一行调研环学校创新生态圈建设,https://www.cqwu.edu.cn/article_296205.html
    11月30日，第四届重庆市大学生物理创新竞赛决赛在西南大学举行。此次竞赛由重庆市教育委员会主办，重庆物理学会指导，西南大学承办，来自重庆大学、西南大学、陆军军医大学、重庆邮电大学等18所高校2000多名学生参加。竞赛按照学生层次分成研究生组和本专科生组，参赛作品分为科研论文和实物制作两类。,12月5日,我校学生在第四届重庆市大学生物理创新竞赛中获佳绩,https://www.cqwu.edu.cn/article_296052.html
    11月23日――25日，由湖南省法学会程序法学研究会、湖南大学法学院、湖南师范大学法学院主办，长沙市程序法文化研究中心承办，湖南天地人律师事务所协办的第六届“漾翅杯”法律实践能力大赛在湖南大学、湖南师范大学和湖南天地人律师事务所举行，我校法学专业17级学生在马克思主义学院副院长张纬武的带领下参加了比赛。,11月30日,我校荣获第六届漾翅杯法律实践能力大赛总冠军,https://www.cqwu.edu.cn/article_295708.html
    近日，教育部语言文字应用管理司公布了2019年中华经典诵写讲大赛获奖名单，我校教育学院叶静老师诵读的作品《青衣》荣获全国经典诵读大赛教师组二等奖，这也是重庆市参加全国经典诵读大赛教师组取得的最好成绩。,11月26日,我校教师叶静获全国经典诵读大赛二等奖,https://www.cqwu.edu.cn/article_295514.html
    近日，2019年中国大学生广告艺术节学院奖（广告学院奖）、第十一届全国大学生广告艺术大赛（大广赛）落下帷幕，我校美术与设计学院学生在大赛中获佳绩。,11月22日,我校学生在中国大学生广告艺术大赛等赛事中获佳绩,https://www.cqwu.edu.cn/article_295428.html
"    为增进母校和校友的情谊，充分发挥校友的育人功能,促进校友文化和校园文化的融合。11月16日，学校举办了主题为“母校缘・校友情・蓉城风”的第二届校友文化节，庆祝母校43周年华诞，活动由学校校友会主办，成都校友会承办。",11月19日,我校举行第二届校友文化节,https://www.cqwu.edu.cn/article_295279.html
    根据“不忘初心、牢记使命”主题教育办公室统一安排，11月6日下午，学校党委常委、副校长金盛同志在志仁楼117会议室讲授了“牢记初心使命，努力开创培训工作新局面”专题党课。继续教育学院/培训学院全体同志参加学习。党课由继续教育学院/培训学院党总支书记白成良主持。,11月12日,校领导深入基层讲授专题党课,https://www.cqwu.edu.cn/article_294853.html
    11月6日下午，根据“不忘初心、牢记使命”主题教育办公室统一安排，学校党委常委、副校长漆新贵在恪勤楼221会议室讲授了题为“加强党的政治建设，锤炼忠诚干净担当的政治品格”的专题党课。教务处、创新创业学院、电子信息与电气工程学院、美术与设计学院全体党员参加了专题党课。,11月11日,校领导讲授专题党课,https://www.cqwu.edu.cn/article_294750.html
    近日，我校材料科学与工程学院/新材料技术研究院与宝鸡文理学院联合培养的研究生在英国皇家化学会（RSC）旗下的国际著名材料与能源类期刊Nanoscale（2019年影响因子6.970，JCR. SCI一区期刊）上发表了电催化析氢材料研究的新进展，论文题为“Interfacial Engineering of Mo2C-Mo3C2 Heteronanowires for High Performance Hydrogen Evolution Reaction”。我校与宝鸡文理学院联合培养的研究生贾丽娜和我校“大学生小平科技创新团队”成员、材料科学与工程学院大三学生李晨为文章的共同第一作者，我校刘碧桃副教授和宝鸡文理学院赵亚儒副教授为通讯作者。,11月6日,我校与宝鸡文理学院联合培养研究生工作取得新的突破,https://www.cqwu.edu.cn/article_294607.html
10月31日下午，学校在知津楼D506多功能教室举行了主题为“特殊学生群体的日常教育管理引导方法和经验分享”的第三期辅导员沙龙。学校副校长李天福到现场指导，学生处负责人以及来自10个二级学院的16名专职辅导员参会。学生处副处长夏S主持。,11月1日,学校开展第三期辅导员沙龙,https://www.cqwu.edu.cn/article_293458.html
为了增强教职工的健康意识，提升教职员工的健康水平和生活质量。10月25日下午，学校邀请重庆医科大学附属永川医院主任医师、硕士生导师胡良波教授为我校教职工作了题为提高健康素养、远离疾病困扰专题讲座。学校党委书记孙泽平、党委副书记兰刚、副校长谭宏，各单位科岗以上人员、工会主席、教职工代表共计200余人参加了培训。讲座由学校工会负责人凌伟主持。,10月29日,学校举办健康教育专题培训,https://www.cqwu.edu.cn/article_291859.html
在“第六个国家扶贫日”前后，学校部分二级单位分别到永川区市级贫困村开展了扶贫助困活动。,10月25日,学校二级单位赴永川区市级贫困村开展 扶贫助困活动,https://www.cqwu.edu.cn/article_291756.html
10月18日下午，为积极开展“不忘合作初心，继续携手前进”主题教育活动，民革重庆文理学院支部前往宝峰镇龙凤桥村开展助力脱贫攻坚慰问调研活动。,10月21日,助力脱贫攻坚：民革支部开展“不忘合作初心，继续携手前进”主题教育活动,https://www.cqwu.edu.cn/article_291584.html
10月16日下午，学校在恪勤楼623会议室组织召开了“不忘初心 牢记使命”主题教育之民主党派和党外人士代表座谈会暨双月座谈会。党委书记孙泽平、校长黄伟九、副校长谭宏、纪委书记罗茂以及各民主党派、知联会、少联会、侨台留联谊会领导班子成员以及党外代表人士40余人出席会议。会议由党委统战部副部长杨正强主持。,10月18日,聚焦“申硕”攻坚战：学校召开“不忘初心 牢记使命”主题教育之民主党派和党外人士代表座谈会暨双月座谈会,https://www.cqwu.edu.cn/article_291235.html
10月12日，我校品牌科学研究所所长张锐教授应邀参加了在宁夏银川召开的第十五届中国全面品牌管理论坛活动。宁夏回族自治区党委宣传部、统战部、发改委等单位相关部门负责人，宁夏大学、重庆文理学院、重庆市品牌学会、《品牌观察》杂志社等区内外高校科研机构，社会组织负责人和企业家代表约200人参加会议。,10月15日,我校张锐教授在第十五届中国全面品牌管理论坛上作主题报告,https://www.cqwu.edu.cn/article_291192.html
10月9日下午，学校副校长李天福到学生事务服务中心走访调研学生工作。学生工作处、招生就业处、安全管理处、团委科岗以上人员参加了调研会。,10月11日,校领导调研学生工作,https://www.cqwu.edu.cn/article_290916.html
9月23-28日，重庆市第八届“红丝带”杯大学生（甲、丙组）篮球比赛在我校红河A区篮球馆举行。本次比赛共有近五十支男、女队参赛，我校男、女篮参加了丙组（高水平、特长生及体育专业）比赛。,9月30日,我校喜获2019年重庆市第八届“红丝带”杯大学生篮球赛双冠,https://www.cqwu.edu.cn/article_290563.html
今年是新中国成立70周年，也是人民政协成立70周年。为深入贯彻习近平总书记9月20日在中央政协工作会议暨庆祝中国人民政治协商会议成立70周年大会上的重要讲话精神，重庆市政协于9月24日下午召开“庆祝人民政协成立70周年”理论研讨会暨市政协理论研究会年会。市政协主席王炯出席会议并讲话，市政协分管副主席、秘书长、市政协理论研究会理事及会员、获奖论文作者代表等共计150多人参加了此次会议。,9月26日,我校教师获重庆市政协理论研究成果二等奖并作主题发言,https://www.cqwu.edu.cn/article_290271.html
9月20日下午，学校“不忘初心、牢记使命”主题教育第三次集中学习研讨会分五个组分别在恪勤楼202、204、221、612、623会议室举行。校领导、党委常委分别深入各组带头开展学习研讨，全体中层干部参加了集中学习研讨会。,9月23日,学校举行 “不忘初心、牢记使命” 主题教育第三次集中学习研讨会,https://www.cqwu.edu.cn/article_290091.html
9月18日上午，中国科学院重庆绿色智能技术研究院党委书记、副院长韦方强一行到校考察交流。双方在恪勤楼514会议室举行了交流座谈会。我校党委副书记、校长黄伟九，教务处、人事处、外国语学院、新材料技术研究院相关负责人参加了座谈会。座谈会由副校长王明华主持。,9月19日,中国科学院重庆绿色智能技术研究院党委书记韦方强一行到校考察交流,https://www.cqwu.edu.cn/article_290127.html
9月12日上午，学校副校长谭宏带队对红河校区所有食堂和超市进行了食品安全卫生检查。,9月16日,副校长谭宏带队检查学校食品安全卫生工作,https://www.cqwu.edu.cn/article_289186.html
9月8日下午，校领导谭宏、漆新贵、王明华、罗茂率二级学院领导、新生辅导员及相关部门负责人，分头走进2019级新生宿舍，给新同学带去关怀、问候和祝福。,9月9日,校领导深入宿舍走访慰问2019级新生,https://www.cqwu.edu.cn/article_288387.html
8月26日-29日，2019中国国际智能产业博览会在重庆悦来国际会议中心举行。本次智博会以“智能化：为经济赋能，为生活添彩”为主题，围绕智能制造、大数据、区块链、5G等热门领域，聚集全球顶尖科技，集中展示大数据智能化产业的新产品、新技术、新业态与新模式。我校校长黄伟九应邀参加了开幕式。,8月31日,我校科技成果亮相2019智博会,https://www.cqwu.edu.cn/article_287461.html
7月30日，由重庆市教委学生处副处长江燕带队，市教委及市人社局相关工作人员一行来到重庆市巴南区广播电视台，慰问调研学校暑期带薪实习学生工作情况。我校学生处负责人及有关老师参加。,8月1日,重庆市教委学生处领导慰问我校暑期带薪实习学生,https://www.cqwu.edu.cn/article_287005.html
光阴荏苒三十载，历久弥深母校情。相识三十三年，别离三十年。7月20日上午，我校数学系86级校友回到母校，在学校继培学院培训楼114室举行毕业三十周年师生联谊会。学校副校长万书辉，校友办主任、数学与大数据学院主要负责人，以及当年的任课教师和86级校友们欢聚一堂，共同追忆青春记忆，共叙母校师生情谊。,7月25日,我校数学系86级毕业30周年师生联谊会成功举办,https://www.cqwu.edu.cn/article_286963.html
为深入学习习近平总书记视察重庆重要讲话精神和关于青年工作重要思想、关于扶贫工作重要论述，我校大学生暑期“三下乡”社会实践服务团于7月15日在重庆市武隆区仙女山镇金马广场开展了“青春心向党・建功新时代”主题宣讲活动。活动开始前，志愿者们将印制好的宣传手册发放到当地村民手中，向他们普及“两不愁三保障”、垃圾分类的相关知识，并与当地村民进行交流，不仅让村民对相关政策和知识有了一定的理解和认识，还使志愿者们真实地了解了当地村民的生活情况。,7月17日,我校暑期“三下乡”社会实践服务团 走进武隆开展主题宣讲,https://www.cqwu.edu.cn/article_286670.html
7月10日，我校2019年大学生暑期“三下乡”社会实践活动出征仪式在红河校区A区博文馆101隆重举行。学校副校长万书辉，党群部、学工部、校团委相关负责人，各二级学院分管学生工作领导、团总支负责人，各服务团指导教师和即将出征的大学生志愿者代表共计220余人参加了出征仪式。仪式由星湖校区分团委书记周独奇主持。,7月11日,学校举行2019年大学生暑期 “三下乡”社会实践活动出征仪式,https://www.cqwu.edu.cn/article_284030.html
7月4日至6日，我校美术与设计学院和文化与传媒学院联合组成的社会实践团前往荣昌区清江镇、永川区何埂镇开展大学生暑期“三下乡”社会实践活动。,7月8日,我校大学生赴荣昌清江镇、永川何埂镇开展暑期“三下乡”社会实践活动,https://www.cqwu.edu.cn/article_283882.html
6月24-28日，经重庆市教育委员会批准，学校党委副书记兰刚带领教工部、科技部、经济管理学院等相关部门负责人一行5人赴马来西亚，就“高层次人才招聘与引进、洽谈校际合作项目”等进行了为期5天的交流访问，圆满完成了出访任务。,7月1日,党委副书记兰刚率队访问马来西亚,https://www.cqwu.edu.cn/article_283654.html
    ?6月20日下午，学校二级中心组政治理论学习研讨会分别在红河格物楼A605会议室，恪勤楼202、204、422会议室举行。全体中层干部分组参加了学习研讨。,6月21日,学校二级中心组举行专题学习研讨会,https://www.cqwu.edu.cn/article_283310.html
    ?6月15-16日，2019年上半年全国大学外语等级考试如期进行，我校考点在红河、星湖两校区组织了全国大学外语四六级、英语应用能力A级及小语种日语、俄语等级考试，参考人数共计9837名，全场考试组织规范有序。,6月18日,我校顺利组织2019年上半年全国大学外语等级考试,https://www.cqwu.edu.cn/article_283196.html
    6月12日上午，永川区委书记滕宏伟来校调研新区体育馆建设情况。区委常委、常务副区长文良印，区委常委、区新城建管委党工委书记邓文，学校党委书记孙泽平等陪同调研。,6月13日,永川区委书记滕宏伟调研新区体育馆建设,https://www.cqwu.edu.cn/article_283073.html
    ?近日，由教育部高等学校统计学类专业教学指导委员会与中国商业统计学会共同主办的第九届全国大学生市场调查与分析大赛总决赛暨第八届海峡两岸大学生市场调查与分析大赛大陆地区选拔赛在南京邮电大学闭幕。,6月6日,我校学生在第九届全国大学生市场调查与分析大赛中荣获二等奖,https://www.cqwu.edu.cn/article_282875.html
    今年6月9日是国际档案理事会确定的第12个国际档案日，为宣传和普及档案知识，弘扬档案文化，在国际档案日来临之际，5月29日下午，档案馆和教学部共同开展了学校“卓越教师教育实验班”学员走进档案馆活动。,6月3日,学校组织“卓越教师教育实验班”学员开展国际档案日活动,https://www.cqwu.edu.cn/article_282687.html
    近日，从教育部发布的《教育部高等教育司关于公布有关企业支持的2018年第二批产学合作协同育人项目立项名单的函》（教高司函〔2019〕12号）获悉，我校申报的“创新创业师资研修基地”项目获批立项。,5月28日,我校申报的“创新创业师资研修基地”获批教育部产学合作协同育人项目,https://www.cqwu.edu.cn/article_282494.html
    近日，由重庆市关心下一代工作委员会主办，中国国际标准舞总会指导，重庆市学校艺术教育协会和中顺洁柔纸业股份有限公司协办，重庆市国际标准舞协会和重庆沙坪坝区体育舞蹈协会承办的2019重庆市第十一届青少年国际标准舞锦标赛在重庆市渝北区体育馆落下帷幕，来自重庆、云南、四川等十几个高等院校和中职中专学校共计一万多名选手参赛。,5月23日,我校学子在2019年重庆市第十一届青少年国际标准舞锦标赛中获佳绩,https://www.cqwu.edu.cn/article_282336.html
    5月18日上午，第21届CUBA中国大学生篮球联赛32强全国大赛在杭州浙江大学打响，32支国内高校球队将展开精彩对战，争夺最终的冠军奖杯。,5月19日,我校在第21届CUBA中国大学生篮球联赛32强全国大赛中首轮对阵厦门大学,https://www.cqwu.edu.cn/article_282153.html
    5月11日上午，由学工部主办，公共管理学院、大学生就业创业协会承办的“重庆市第五届大学生职业生涯规划大赛校级选拔赛决赛”在红河校区博文馆101举行。学工部负责人，二级学院分管学生工作负责人、学工办主任、团总支书记、指导教师及红河校区各学院学生代表300余人观看了比赛，学校党委常委、副校长万书辉到现场指导。,5月14日,学校举行2019年职业生涯规划大赛,https://www.cqwu.edu.cn/article_282021.html
    五一节期间，我校05级计算机科学与技术（职教）1班、计算机科学与技术2班、05级化学专业、05级旅游管理专业80余名校友返校举行毕业十周年聚会活动。学校校友办负责人、相关学院负责人、原任课教师和时任辅导员热情接待返校校友。师生共忆当年美好，畅叙同窗情谊。,5月7日,我校05级校友返校举行毕业十周年聚会,https://www.cqwu.edu.cn/article_281915.html
    为应对自学考试新变化，促进我校自考办学规范发展，4月25日上午，学校在恪勤楼422会议室组织召开了2019年高等教育自学考试工作会。我校副校长漆新贵、市考试院自考处处长江涛、永川区教委招办副主任屈景银及重庆大学城市科技学院、重庆幼儿师范高等专科学校等12所本专科院校继续教育学院相关负责人共计30余名代表参加了此次会议，会议由我校继续教育学院院长杜勇主持。,4月29日,我校召开2019年高等教育自学考试工作会,https://www.cqwu.edu.cn/article_281697.html
    4月24日下午，西凯教育集团董事长程前一行来校洽谈校企合作，双方在恪勤楼308会议室举行洽谈会。学校副校长漆新贵、金盛，合作发展部、教学部、软件工程学院、教育学院相关负责人参加会议，会议由金盛主持。,4月25日,西凯教育科技集团来校洽谈校企合作,https://www.cqwu.edu.cn/article_281594.html
    4月21日上午，学校党委书记孙泽平在知津楼第一阶梯教室为党校第71期入党积极分子培训班学员讲授了“拥抱新时代、践行新思想、实现新作为――党的十九大精神宣讲报告”主题党课。,4月22日,学校党委书记孙泽平为党校学员上党课,https://www.cqwu.edu.cn/article_281440.html
    4月11日至16日，我校按照重庆市教委的部署和要求，对材料科学与工程、环境科学与工程、园艺学、社会学、药学、数学等6个“十三五”市级重点学科（重点培育学科）开展了中期检查工作。学校按照学科邀请市内外相关知名专家，组成6个专家组，对各学科中期建设情况进行了检查指导。,4月18日,我校“十三五”市级重点学科顺利通过中期检查,https://www.cqwu.edu.cn/article_281374.html
    4月10号上午，党委书记孙泽平带领申硕办公室、林学与生命科学学院、继续教育学院/培训学院、校友会办公室负责人赴重庆市长寿区洽谈校地合作事宜。长寿区副区长汤晓强、教委主任张新明以及教委班子成员、相关科室负责人参加了座谈。,4月11日,党委书记孙泽平一行赴重庆市长寿区洽谈校地合作,https://www.cqwu.edu.cn/article_281022.html
    日前，教育部印发《关于公布2018年度普通高等学校本科专业备案和审批结果的通知》（教高函〔2019〕7号），公布了同意设置的备案专业、国家控制布点专业和新增目录外专业点名单。我校申报的备案专业智能电网信息工程、智能制造工程和审批专业运动训练获准设立，自2019年起开始招生。,4月1日,我校获批3个本科新专业,https://www.cqwu.edu.cn/article_280663.html
    3月25日下午，平顶山学院副校长李培带领地方合作处相关负责人来校考察交流。双方在恪勤楼308会议室举行了座谈，我校副校长漆新贵，合作发展部相关负责人参加了座谈交流。,3月26日,平顶山学院副校长李培一行到我校考察交流,https://www.cqwu.edu.cn/article_280463.html
    为了加强我校生态文明校园建设，广泛持久地推动全校师生开展义务植树活动，3月20日下午，学校校长黄伟九，副校长万书辉、金盛，音乐学院、林学与生命科学学院、旅游学院师生代表及后勤员工共100余人在星湖校区后山开展了义务植树活动。,3月21日,我校组织开展2019年义务植树活动,https://www.cqwu.edu.cn/article_280303.html
    3月13-14日，学校党委书记、申硕工作督查督办组组长孙泽平，副校长王明华，带领申硕办、教工部、科技部、资产部负责人以及督查督办组有关人员到材料与化工学院等单位开展申硕工作督导调研。,3月14日,党委书记孙泽平带队开展申硕工作督导调研,https://www.cqwu.edu.cn/article_280111.html
    3月7日下午，重庆市教委召开2019年普通高校毕业生就业创业工作会议，市委教育工委专职副书记覃正杰、市人社局党组成员、副局长谢辛出席会议。,3月11日,我校就业创业工作获市教委表彰并受邀作交流发言,https://www.cqwu.edu.cn/article_279998.html
    2月28日下午，学校在博文馆101召开本学期第一次学生工作例会暨辅导员国内高校交流汇报会。学工部、教学部、总务部、博达公司、新叶公司相关负责人，各教学单位分管学生工作负责人、团总支(副)书记、学生工作办公室（副）主任、辅导员及学工部相关工作人员参加了会议。会议由学工部部长何独明主持。,3月4日,学校召开新学期学工例会暨辅导员国内高校交流汇报会,https://www.cqwu.edu.cn/article_279805.html
?2月5日（农历大年初一）上午，学校党委书记孙泽平、副校长万书辉带领校务部、博达公司相关负责人，分别前往红河、星湖两校区看望慰问了春节期间仍然坚守岗位的一线安保、保洁及学校总值班室等岗位值班人员，代表学校党政为他们送去新年的问候和新春的祝福。,2月5日,校领导带队慰问春节在岗值班人员,https://www.cqwu.edu.cn/article_279561.html
    1月21日上午，学校党委书记孙泽平在星湖2303教室，党委副书记、校长黄伟九在红河校区晚晴苑306室为全校200余名在永离退休老同志通报了学校2018年工作情况。会议分别由教工部部长周洪亮、副部长黄贵懿主持。,1月22日,学校召开离退休老同志校情通报会,https://www.cqwu.edu.cn/article_279485.html
    近日，市人社局和市科技局联合行文，公布了重庆市科技系统先进集体、先进个人，我校科技部被评为重庆市科技系统先进集体，唐建民同志被评选为科技系统先进个人。全市高校有7个科技管理机构获得表彰。,1月18日,我校被评为重庆市科技系统先进集体,https://www.cqwu.edu.cn/article_279342.html
    1月11日上午，重庆总工会副主席、重庆教科文卫体工会主席杨军波来到学校，走访慰问了我校困难教职工，为他们送上新春的祝福，带去党和政府的关怀和温暖。学校副校长兰刚，永川区工会领导及相关人员陪同慰问。,1月11日,重庆市总工会到校慰问困难教职工,https://www.cqwu.edu.cn/article_279170.html
    日前，持续了近三个月的第三届全国学生学宪法讲宪法活动重庆赛区决赛正式落下帷幕。在公共管理学院张纬武老师和文化与传媒学院张雪老师的带领和指导下，我校辩论队获得高校组团体辩论赛二等奖，其中温雪冰同学获得全程最佳辩手荣誉称号，欧阳春雨同学还在高校组演讲比赛中荣获三等奖，我校荣获优秀组织奖。,1月8日,我校在第三届全国学生学宪法讲宪法活动（重庆赛区）中取得佳绩,https://www.cqwu.edu.cn/article_279072.html
    12月28日-29日，我校召开第七次教学工作会。重庆市教委副主任刘宴兵，市教委高教处副处长吴岚，全体在家校领导孙泽平、黄伟九、兰刚、谭宏、漆新贵、万书辉、王明华、金盛及部分离退休老领导，全体中层干部，非教学单位科岗，教学单位系（教研室）主任、实验室（实训中心）主任、教学办主任、教学秘书、教师代表等共800余人参加了会议，会议主会场设在恪勤楼304多功能厅，分会场设在知津楼第一、二阶梯教室。漆新贵主持了会议。,12月29日,学校召开第七次教学工作会,https://www.cqwu.edu.cn/article_278868.html
    12月17日至12月21日，2018年中国大学生拳击邀请赛暨第二届重庆市大学生拳击锦标赛在西南大学中央体育馆举行，来自全国34所高校的200余名运动员参加了比赛。开幕式中，奥运拳击冠军邹市明也来到比赛现场，给所有运动员加油鼓劲。,12月27日,我校拳击代表队参加重庆市第二届大学生拳击锦标赛获佳绩,https://www.cqwu.edu.cn/article_278803.html
    为纪念改革开放四十周年，展示改革开放以来中国的新面貌、新成就，特别是我校升本建院以来取得的新成绩，12月18日-21日，我校在红河A区逸夫楼一楼展厅组织开展了以“纪念改革开放四十周年”主题书画展。,12月25日,我校组织开展“纪念改革开放四十周年”主题书画展,https://www.cqwu.edu.cn/article_278661.html
    12月19日下午，我校与永川区政府、达瓦大数据虚拟现实研究院在永川软件园举行政校企三方合作洽谈。永川区委常委、区新城建管委党工委书记邓文，我校校长黄伟九，副校长漆新贵，达瓦大数据先进影像中心CEO卢琪，永川区商务局、区科委、区城乡建委、区人力社保局、区教委、区软件园等部门负责人，学校合作发展部、机电工程学院、文化与传媒学院、软件工程学院、美术与设计学院相关负责人参加了会议。,12月20日,我校与永川区政府、达瓦大数据虚拟现实研究院举行政校企合作洽谈,https://www.cqwu.edu.cn/article_278550.html
    12月8日，应上海社会科学院研究生院邀请，我校辩论队在张纬武老师和张雪老师的带领下，参加了由中国政策性辩论赛发展促进会和上海社会科学院研究生院主办、上海社会科学院辩论队和上海社会科学院研究生会承办的2018“尚社杯”政策性辩论交流赛。,12月13日,我校辩论队在2018“尚社杯”政策性辩论交流赛中创佳绩,https://www.cqwu.edu.cn/article_278313.html
    12月10日晚，我校第418期“校领导与大学生面对面交流”活动在红河校区恪勤楼422会议室举行。本次交流以“创新成就未来”为主题，由副校长王明华主持。科技部、新材料技术研究院、创新靶向药物国际研究院、软件工程学院相关负责人以及40余名大学生代表参加了本次交流活动。,12月12日,学校举行第418期“校领导与大学生面对面交流”活动,https://www.cqwu.edu.cn/article_278286.html
    12月11日上午，学校在恪勤楼504会议室召开党委常委（扩大）会，专题传达学习12月10日举行的全市教育大会精神。党委常委、校领导出席会议，相关单位负责人列席会议，党委书记孙泽平主持会议。,12月11日,党委常委（扩大）会专题学习传达全市教育大会精神,https://www.cqwu.edu.cn/article_278238.html
    12月3日晚，我校第417期“校领导与大学生面对面交流”活动在星湖校区励德楼406会议室举行。本次交流以“青春绽放新时代  助力脱贫攻坚战”为主题，由副校长金盛主持。学工部、合作发展部、资产部、总务部、林学与生命科学学院、旅游学院相关负责人以及星湖校区40余名大学生代表参加了本次交流活动。,12月4日,学校举行第417期“校领导与大学生面对面交流”活动,https://www.cqwu.edu.cn/article_278057.html
    11月28日下午，2018年招生总结暨2019年招生工作研讨会在恪勤楼422会议室召开。学校党委书记孙泽平，副校长漆新贵、万书辉、金盛，教学部、合作发展部、科技部、资产部、学工部负责人，二级学院党总支书记、院长，新材料技术研究院、文化遗产学院负责人参加了会议。会议由学工部副部长周清主持。,11月29日,学校举行2018年招生总结暨2019年招生研讨会,https://www.cqwu.edu.cn/article_277886.html
    近期，俄罗斯国立托木斯克理工大学Gennady Remnev教授应新材料技术研究院的邀请，来校开展短期交流访问。,11月21日,俄罗斯国立托木斯克理工大学Gennady Remnev教授来校交流访问,https://www.cqwu.edu.cn/article_277420.html
    11月16日下午，2018年重庆市“智能制造关键技术的推广及应用”高级研修班开班典礼在我校培训学院116教室举行。我校副校长漆新贵，大足区科委主任唐华俪，培训学院、新材料技术研究院相关负责同志及参训学员参加了开班典礼。开班典礼由新材料技术研究院副院长韩涛主持。,11月19日,2018年“智能制造关键技术的推广及应用”高级研修班在我校顺利开班,https://www.cqwu.edu.cn/article_277096.html
    11月14日上午，副校长王明华带领我校科技部、机器人工程学院、软件工程学院、新材料技术研究院、环境材料与修复技术重庆市重点实验室相关人员赴中国科学院重庆绿色智能技术研究院（简称重庆研究院）洽谈合作。重庆研究院院长袁家虎，科技处、信息所、智能所、机器人与3D打印技术创新中心相关负责人热情接待了王明华一行。,11月15日,校领导带队赴中国科学院重庆绿色智能技术研究院洽谈合作,https://www.cqwu.edu.cn/article_276853.html
    11月8日上午，重庆市科学技术局副局长牟小云、科技平台处处长冯光鑫及相关工作人员一行9人到校调研环重庆文理学院创新创业生态圈工作，我校校长黄伟九、副校长万书辉，永川区政协副主席钟代华出席会议，我校合作发展部、科技部、新材料技术研究院、创新靶向药物国际研究院、四个众创空间，永川区科委、发改委、人社局等部门相关负责人参加会议。调研座谈会在恪勤楼422会议室举行，会议由万书辉主持。,11月9日,重庆市科学技术局副局长牟小云一行来校调研环重庆文理学院创新创业生态圈工作,https://www.cqwu.edu.cn/article_276611.html
    近日获悉，我校在重庆市第九届大学生心理成长论坛中喜获佳绩，其中论坛之“青春健康与心理成长”微课大赛获一等奖2项、二等奖1项，三级心理之家建设成果展等项目获学会一等奖5项，二等奖10项，三等奖7项。,11月5日,我校在重庆市第九届大学生心理成长论坛中喜获佳绩,https://www.cqwu.edu.cn/article_276495.html
    10月30日下午，《重庆高教研究》2019年工作研讨会在恪勤楼612会议室召开，《重庆高教研究》特聘副主编――北京师范大学洪成文教授和厦门大学王洪才教授、重庆市文化委员会报刊审读专家韩云波教授以及全体编辑参加了研讨。,11月1日,《重庆高教研究》召开2019年工作研讨会,https://www.cqwu.edu.cn/article_276382.html
    10月26日上午，学校在恪勤楼205会议室召开在建工程安全生产工作会。副校长金盛，人和居3号教工住宅施工单位和监理单位、人和居6、7号楼外墙整改施工单位、基建零星维修改造单位等校内在建工程项目负责人和安全管理人员，以及总务部基建管理人员、博达公司工程维修管理人员共30余人参加了会议。会议由总务部部长周仁主持。,10月26日,学校召开在建工程安全生产工作会,https://www.cqwu.edu.cn/article_276194.html
    10月23日下午，学校党委中心组（扩大）学习会在恪勤楼422会议室召开。党委书记孙泽平主持会议，全体校领导、党委委员、纪委委员参加。,10月24日,学校召开党委中心组（扩大）学习会,https://www.cqwu.edu.cn/article_276104.html
    10月18日上午，由市委政法委、市教委、市人力社保局、团市委共同举办的“扫黑除恶校园行”全市示范活动在重庆师范大学校友会堂音乐厅举行。活动对在团市委、市教委、市公安局、市通信管理局、市学联联合举办的“反诈校园行”活动表现优秀的单位进行了表彰。我校及重庆师范大学、重庆工商大学派斯学院等11所学校荣获“2018年重庆市反诈骗宣传教育示范学校”称号。重庆市公安局刑侦总队副队长陈迅为11所学校颁发全市首批“反诈骗宣传教育示范学校”奖牌。,10月19日,我校荣获重庆市首批“反诈骗宣传教育示范学校”称号,https://www.cqwu.edu.cn/article_272100.html
    日前，重庆市人力资源和社会保障局、重庆市文学艺术界联合会印发了《关于表彰第七届重庆艺术奖的决定》，授予44件文艺作品第七届重庆艺术奖。由永川区委宣传部推送的我校美术与设计学院陈龙国教授学术专著《当代书法艺术研究》，获“文艺评论类”奖项。,10月17日,我校陈龙国教授的作品荣获第七届重庆艺术奖,https://www.cqwu.edu.cn/article_271998.html
    近日获悉，在2018世界机器人大赛机器人格斗大赛中，我校机器人工程学院/机电工程学院学生团队喜获一等奖2项，二等奖1项，三等奖4项。,10月9日,我校学生在2018世界机器人大赛机器人格斗大赛喜获一等奖,https://www.cqwu.edu.cn/article_271145.html
    为全面学习贯彻习近平新时代中国特色社会主义思想和党的十九大精神，深入贯彻落实习近平总书记“治国必治边、治边先稳藏”的重要战略思想和“加强民族团结，建设美丽西藏”的重要指示，加快西藏脱贫致富、全面建成小康社会，9月18日-23日，受西藏察雅县人民政府邀请，我校副校长兰刚带领特色植物研究院院长刘奕清、旅游学院院长陈天培、数学与财经学院副院长郑立等一行7人赴西藏察雅县开展科技调研、洽谈科技合作事宜，并出席了察雅县第二届澜沧江旅游文化节开幕式。,9月29日,校领导带领我校专家团队赴西藏察雅县开展科技调研工作,https://www.cqwu.edu.cn/article_271005.html
    中秋节前夕，为期7天的2018长安福特新蒙迪欧中国重庆国际时尚周在南滨路弹子石广场华彩落幕。我校美术与设计学院服装设计专业刘丽丽教师在本次时装周中的子项目2018“大融汇杯”首届重庆市“十佳服装设计师”大赛中荣获十佳服装设计师，并作为新锐设计师在弹子石广场做了专场发布会。,9月26日, 我校教师刘丽丽荣获重庆首届十佳服装设计师,https://www.cqwu.edu.cn/article_270856.html
    9月17日，2018年全国商业科技质量大会在北京人民大会堂小礼堂厅召开。本次会议由中共中央宣传部、国家发展和改革委员会、教育部、科学技术部、工业和信息化部等40多个国家部委及直属协会主办，中国商业联合会承办。来自全国各地的商会、相关企业、科研单位及大专院校等700余人参加了会议。,9月19日,我校教学成果荣获“2017年度中国商业联合会科学技术奖”二等奖,https://www.cqwu.edu.cn/article_270667.html
    9月13日下午，黄伟九校长一行前往星湖、红河两校区，分别看望慰问了正在紧张军训的2018级全体新同学，并与承训教官、全体新生辅导员和武装部相关同志进行了亲切的沟通和交流。,9月14日,校长黄伟九慰问指导军训工作,https://www.cqwu.edu.cn/article_270550.html
   9月6日，由教学部、教师发展中心组织的2018年新进专任教师“教学预演课”现场验收活动在教师发展中心举行，32名新进专任教师和首次申请开课教师参加了此次验收。,9月10日,学校开展2018年新进专任教师“教学预演课”现场验收活动,https://www.cqwu.edu.cn/article_270321.html
8月24-26日，由教育部高等药学专业教学指导委员会主办，中国医药集团联合工程有限公司与上海东富龙科技有限公司共同协办、常州大学承办的第八届“国药工程-东富龙杯”全国大学生制药工程设计竞赛总决赛在常州大学举行。经过8月13-15日东部赛区（江南大学承办）决赛和8月14-16日西部赛区（河南科技大学）决赛，21支队伍脱颖而出参加了总决赛。总决赛吸引了大连理工大学、合肥工业大学、中南大学、中北大学等全国60余所高校、300余名师生。,9月3日,我校学子在第八届“国药工程-东富龙杯”全国大学生制药工程设计竞赛中喜获佳绩,https://www.cqwu.edu.cn/article_270167.html
8月19日，在首个“中国医师节”来临之际，学校副校长金盛率教工部、总务部负责人及相关工作人员先后走访了星湖校医院和兴龙湖社区卫生服务中心，向服务在我校一线的医务人员送去节日的祝福。,8月20日,校领导走访慰问两校区医务人员,https://www.cqwu.edu.cn/article_270068.html
    8月1日，党委副书记、校长黄伟九一行走访慰问了红河A、B区和星湖校区暑期仍然坚守在一线的工作人员。,8月1日,校长黄伟九一行慰问暑期一线工作人员,https://www.cqwu.edu.cn/article_270017.html
    为深入学习贯彻习近平新时代中国特色社会主义思想和党的十九大精神，围绕建党97周年、改革开放四十周年、“大众创业、万众创新”等重要节点和时代课题， 7月15日至20日，软件工程学院“国情社情观察团”社会实践小分队前往浙江、上海和江苏等地开展以“寻初心之路，看改革成就”为主题的暑期社会实践活动。,7月23日,【暑期三下乡】我校软件工程学院开展2018年暑期“三下乡”社会实践活动,https://www.cqwu.edu.cn/article_269958.html
    7月13日至7月16日，我校外国语学院“三下乡”社会实践服务团――“不忘初心”教育关爱服务团一行8人在团总支书记张铁红的带领下，到重庆市江津区开展暑期“三下乡”社会实践活动。服务团一行开展了“爱心传递千里，书籍润泽童心”、“折纸感悟魅力，文化丰富底蕴”、“走访慰藉人心，扶贫共助发展”、“知识启迪思想，教育孕育未来”等社会实践调研活动。,7月20日,【暑期三下乡】外国语学院暑期“三下乡”社会实践“教育关爱服务团”走进重庆市江津区,https://www.cqwu.edu.cn/article_269935.html
    7月16日上午，第四届中国“互联网+”大学生创新创业大赛重庆选拔赛暨2018永川国家双创示范基地“创响中国”活动开幕式在我校恪勤楼304会议室举行。市教委副巡视员李源田、市发改委高技术处副处长潘相麟、市科委科技平台处副处长李鹏，永川区人民政府区长罗清泉、副区长任伯平，我校领导孙泽平、黄伟九、漆新贵出席了大会。参加大会的还有来自全国各地的评委、专家，市科委，永川区府办、科委、高新区管委会、发改委、人力社保局、教委、科协、永川高新区凤凰湖产业园、港桥产业园、三教产业园、软件产业园等领导及各参赛高校有关负责人、领队、指导教师、项目负责人共计300余人。市教委高教处副处长吴岚主持了会议。,7月16日,第四届中国“互联网+”大学生创新创业大赛重庆选拔赛暨2018永川国家双创示范基地“创响中国”活动在我...,https://www.cqwu.edu.cn/article_269835.html
    7月10日，校长黄伟九分别在红河校区晚晴苑和星湖校区老年活动中心，为居住在两个校区的离退休老同志通报了学校近期工作情况。会议由教工部副部长黄贵懿主持，在永居住的180余名离退休人员参加了会议。,7月12日,学校召开离退休人员校情通报会,https://www.cqwu.edu.cn/article_269746.html
    7月4日下午，我校庆祝建党97周年暨“七一”表彰大会在恪勤楼304会议室举行。全体在校校领导和部分老领导，受表彰的先进集体代表和优秀个人，各党总支、支部书记，党员处级干部以及党员代表，共计300人参加大会。会议由党委副书记、校长黄伟九主持。 ,7月5日,我校举行庆祝建党97周年暨“七一”表彰大会,https://www.cqwu.edu.cn/article_269464.html
    为深入贯彻落实党的十九大精神，完善以宪法为核心的中国特色社会主义法律体系，提高当代大学生法治素养和道德素质，丰富宪法和法律教育形式。6月27日，由中共重庆文理学院委员会宣传部、共青团重庆文理学院委员会主办，学校易仲青年法学会承办的“学宪法 讲宪法”演讲比赛决赛在博文馆101圆满落幕。来自学工部、党群部、公共管理学院的教师担任比赛评委并与全校各院系学生共200余人观看了比赛。,6月29日,我校举行“学宪法 讲宪法”演讲比赛,https://www.cqwu.edu.cn/article_268774.html
    为进一步加强平安校园建设，促进警校深度融合，6月25日上午，学校副校长万书辉带领安全管理处相关人员，分别到永川区公安局凤凰湖派出所和卫星湖派出所开展慰问、调研工作。,6月25日,校领导带队慰问调研地方基层派出所,https://www.cqwu.edu.cn/article_268539.html
    6月20日，察雅县行政事业单位会计人员第二期专题培训班开班仪式在我校志仁楼114室举行。我校党委副书记、纪委书记李德全，重庆市财政局会计处处长李琦，我校教工部、培训学院、数学与财经学院相关负责人出席会议，察雅县行政事业单位会计人员第二期专题培训班的全体学员参加了开班仪式。开班仪式由我校培训学院党总支书记何云贵主持。,6月21日,智力援藏，培训专才――我校举办西藏察雅县行政事业单位会计人员第二期专题培训,https://www.cqwu.edu.cn/article_268367.html
    6月14日上午，学校全职聘请张根保教授签约仪式在恪勤楼504会议室举行。学校校长黄伟九，教工部部长周洪亮、副部长谢志刚，机电工程学院院长罗天洪出席签约仪式。签约仪式由周洪亮主持。,6月15日,博士生导师张根保教授加盟我校,https://www.cqwu.edu.cn/article_268183.html
    6月8日，大足区科委主任唐华俪一行到校调研交流。副校长王明华，科技部、合作发展部、新材料技术研究院、特色植物研究院、机电工程学院负责人和相关领域的研究人员参加了座谈会。,6月8日,大足区科委主任唐华俪一行到我校调研,https://www.cqwu.edu.cn/article_267889.html
    6月4日下午，学校与重庆古往今来虚拟现实技术研究院有限公司在恪勤楼308举行校企战略合作签约暨101教育PPT软件捐赠仪式。重庆古往今来虚拟现实技术研究院有限公司董事长周仁锋、重庆虚拟现实创新发展研究院副院长吴治平、重庆古往今来虚拟现实技术研究院有限公司董事长助理董一菲，学校副校长漆新贵，教学部、科技部、合作发展部、教育学院和教育创新研究院相关负责人参加了签约仪式。,6月7日,我校与重庆古往今来虚拟现实技术研究院有限公司举行战略合作签约暨101教育PPT软件捐赠仪式,https://www.cqwu.edu.cn/article_267738.html
    近日，在韩国邱礼举行的第17届韩国压花大典和压花国际交流比赛中，我校师生再获佳绩。林学与生命科学学院教师廖静与2015级园林专业学生陈前双合作作品《农家小院》获银奖，夏晶晖老师指导的2015级风景园林专业学生曹旭作品《歌乐山烈士群雕》获特选奖。,6月4日,我校师生压花艺术作品再获国际大奖,https://www.cqwu.edu.cn/article_267559.html
    5月25-26日，由《红旗文稿》杂志社、《思想理论教育导刊》编辑部、重庆市中国特色社会主义理论体系研究中心、重庆文理学院共同主办的第十一届中国特色社会主义论坛――“坚持和加强党的全面领导”高层研讨会在我校举行。,5月28日,第十一届中国特色社会主义论坛在我校举行,https://www.cqwu.edu.cn/article_265852.html
    重庆市“百人计划”入选者、我校新材料技术研究院李璐研究员因其在光学工程、光电材料与器件等领域取得的科技创新成绩和做出的突出贡献，在88名候选人中脱颖而出，荣获第三届“重庆市十佳科技青年奖”。,5月25日,我校李璐研究员荣获第三届“重庆市十佳科技青年奖”,https://www.cqwu.edu.cn/article_265829.html
    5月18日下午，南川区委统战部副部长、区知联会常务副会长陈永带领南川区知联会及南川企事业单位代表组成的考察团一行前来我校考察调研智能专业人才培养情况。永川区委统战部常务副部长、区民宗办主任陈治明，永川区委统战部副部长、区民宗办副主任、区台办副主任胡绍华，我校党委常委、党群部部长周文东，机电工程学院院长罗天洪等接待了考察团，并陪同参观了机电工程实训中心。,5月21日,南川区委统战部来校考察交流,https://www.cqwu.edu.cn/article_264173.html
5月9日至11日，由我校旅游学院筹办的第十一届重庆・永川学生用品展览会在红河校区学海广场举行， 40余家商户参加了展销活动。,5月15日,我校举办第十一届重庆?永川学生用品展览会,https://www.cqwu.edu.cn/article_256672.html
为广泛宣传改革开放40年来党和国家，以及学校建设发展取得的辉煌成就，充分展示新时代“文理人”的良好精神面貌，5月9日下午，重庆文理学院纪念改革开放40周年暨“面对面交流”400期座谈会在恪勤楼422会议室举行。学校党委书记孙泽平，校务部、教工部、党群部、学工部、教学部、新叶公司、博达公司负责人，二级学院分管学生工作党总支书记（副书记）以及部分学生代表参加了本次交流活动。本次交流以“不忘初心前行路，携手共筑文理梦”为主题，由校务部部长董刚主持。,5月10日,学校举行纪念改革开放40周年暨“面对面”交流400期座谈会,https://www.cqwu.edu.cn/article_254734.html
    5月2日下午，“2017级卓越教师教育实验班开班仪式暨学员与校领导面对面交流活动”在红河校区知津楼D506举行。教学部相关负责人，2017级卓越班有关教师以及全体学员共约100人参加了开班仪式暨交流活动。活动由副校长漆新贵主持。,5月4日,学校举行2017级卓越教师教育实验班开班仪式暨学员与校领导面对面交流活动,https://www.cqwu.edu.cn/article_252436.html
    4月25日，2018年（新加坡）全球品牌策划大赛中国地区选拔赛在云南昆明落下帷幕。此次比赛共有来自全国26个省市、自治区、直辖市和特别行政区的148所高等院校500支参赛队伍报名，参与师生人数达5000余人。经过专家评审，最终共有来自山东大学、福州大学、郑州大学、中南财经政法大学等130所院校的258支团队入围中国地区选拔赛总决赛。经过封闭答辩、项目展洽、视频展示等激烈的角逐，我校经济管理学院/建筑工程学院王红君、黄婷婷两位老师指导的团队――“君意豆豉品牌策划工作室”（项目名为“君意豆豉・源自于家乡的味道”）代表我校参加了比赛，荣获2018年（新加坡）全球品牌策划大赛中国地区选拔赛暨中国（昆明）品牌策划项目展示交流会一等奖、2018年（新加坡）全球品牌策划大赛中国地区选拔赛国赛决赛二等奖两个奖项。,4月27日,我校学子荣获2018年（新加坡）全球品牌策划大赛中国地区选拔赛国赛决赛二等奖,https://www.cqwu.edu.cn/article_251132.html
    近日，2018年美国大学生数学建模竞赛评审结果正式揭晓。我校共组织了6支队伍参加比赛，经过队员们顽强拼搏，取得了历史性的创新高成绩，其中一等奖(Meritorious Winner)1项、二等奖(Honorable Mentions)1项，实现了我校在此赛事一等奖的突破。,4月25日,我校学子在2018年美国大学生数学建模竞赛比赛中获得一等奖,https://www.cqwu.edu.cn/article_249661.html
    4月18日下午，永川区人民政府、重庆文理学院、携程网西南客服中心在我校志仁楼114室举办携程网海外客服人才培训班开班仪式。永川区委常委、区新城建管委党工委邓文书记，我校副校长漆新贵，永川区教委、科委、新城建管委、就业局、携程网西南客服中心、永川职教城各院校相关负责人以及来自重庆文理学院、重庆水利电力职业学院、重庆大学城市科技学院、重庆城市职业学院的60余名培训班学员出席开班典礼。,4月19日,我校举办携程网海外客服人才培训,https://www.cqwu.edu.cn/article_248866.html
    为践行习近平总书记生态文明建设重要战略思想，提高重庆市环境法制工作人员依法行政能力和水平，4月10日―4月13日，由国家生态环境部政策法规司主办，重庆市环保局、重庆文理学院和永川区环保局联合承办的第三十六期全国环境法制岗位培训（重庆）班在我校举行。重庆市环保、公安、检察和法院各局级部门和重庆市各区县环保局共计122名学员参加了此次培训，永川区23个镇街环保办和我校材料与化工?学院30余人也受邀旁听学习。,4月14日,加强环境执法，建设美丽中国――第三十六期全国环境法制岗位培训（重庆）在我校成功举办,https://www.cqwu.edu.cn/article_246361.html
      日前，接《教育部关于公布2017年度普通高等学校本科专业备案和审批结果的通知》（教高函〔2018〕4号）文件，我校申报的园艺、环境科学与工程、数据科学与大数据技术等3个本科专业获准设立，自2018年起开始招生。同时，运动康复专业学位授予由教育学转为理学，林学专业撤销。,4月3日,我校获批新增3个本科新专业,https://www.cqwu.edu.cn/article_244550.html
      近日，团中央学校部下发文件公布2017年全国高校“活力团支部”名单，我校宿舍团总支一支部经过校内创建、省级遴选、网络投票、专家评审和公示等环节脱颖而出，荣获2017年全国高校“活力团支部”荣誉称号。全国高校共有1000个团支部被确定为2017年全国高校“活力团支部”，其中重庆市高校有25个支部入选。,3月30日,我校荣获2017全国高校“活力团支部”荣誉称号,https://www.cqwu.edu.cn/article_243291.html
      3月23日上午，我校与重庆长江轮船有限公司在恪勤楼308会议室举行校企合作签约仪式。重庆长江轮船有限公司总经理助理刘铭友，重庆长江轮船有限公司船员公司总经理王江洪以及常务副总经理任华高、副总经理刘杭、总经理助理何国义，我校副校长漆新贵，教学部、学工部、合作发展部、旅游学院、机电工程学院、外国语学院等相关单位负责人参加了签约仪式。会议由教学部副部长王大平主持。,3月27日,我校与重庆长江轮船有限公司举行校企合作签约仪式,https://www.cqwu.edu.cn/article_242738.html
      3月16日下午，重庆市第八批第二期援藏专技干部行前动员会在重庆市人力社保局举行。市人力社保局副局长何振国、市委组织部综合干部处处长张翱及相关区县人力社保局负责人、援藏专技干部等60余人参加了本次会议。我校党委副书记刘灿国作为重庆市高校唯一代表出席会议并作了发言，我校数学与财经学院教师税小华作为本次援藏专技干部人选参加了会议。,3月20日,学校领导出席重庆市第八批第二期援藏专技干部行前动员会并发言,https://www.cqwu.edu.cn/article_241604.html
      3月15日上午，我校男篮在第二十届CUBA西南赛区16进8淘汰赛中，以92:73战胜广西师范大学，强势晋级西南赛区八强。本场比赛，我校球队核心球员刘航砍下25分11篮板10助攻，段丰伟命中9记三分、砍下全场最高的31分，龚文超12分9篮板。,3月15日,【CUBA赛况快报】我校男篮挺进第二十届CUBA西南赛区八强,https://www.cqwu.edu.cn/article_241204.html
      3月6日上午，由重庆市妇联、市检察院、重庆文理学院共同主办的以“建设法治中国・巾帼在行动――增强女性法治意识，共创幸福美好生活”为主题的重庆市2018年“三八”妇女维权活动启动仪式在我校恪勤楼304报告厅举行。重庆市妇联党组成员、副主席杨廷会，永川区委常委、政法委书记罗晓春，我校党委常委、副校长兰刚，重庆市检察院、司法局、综治办领导出席了启动仪式。永川区相关处室负责人，学校女教职工代表、女大学生代表共计300余人参加了会议。会议由永川区人民检察院检察长詹文渝主持。,3月7日,重庆市2018年“三八”妇女维权活动启动仪式在我校举行,https://www.cqwu.edu.cn/article_239372.html
"      近日，重庆市教育委员会发布《关于2017年教育系统众创空间绩效评估情况的通报》（渝教科发〔2018〕1号），我校“百川兴邦众创空间”获评“优秀高校众创空间”，“e创星空众创空间”获评“良好高校众创空间”。


此次绩效评估工作于2017年12月启动实施，以认定挂牌的101个重庆市教育系统众创空间为评估对象，由评审专家根据评估指标体系，通过材料审核和实地考察，就建立健全工作保障体系、提供创新创业指导服务、强化可持续发展能力建设、助推科技成果转移转化等方面进行了综合评价。重庆市教育系统共有29个众创空间评为“优秀”，40个众创空间评为“良好”。
",1月23日,我校通过2017年重庆市众创空间绩效评估并获佳绩,https://www.cqwu.edu.cn/article_232107.html
